campaign_id,campaign_name,type,quarter,region,start_date,end_date,spend
CMP-100,FY26-Q2_EVT_NA_Banking-Fraud-Forum,EVT,FY26-Q2,NA,2025-12-25,2026-01-19,40800
CMP-101,FY26-Q2_EVT_GLOBAL_Fintech-Risk-Summit,EVT,FY26-Q2,GLOBAL,2025-12-18,2026-01-01,44600
CMP-102,FY26-Q2_WBN_GLOBAL_Deepfake-Defense-Live,WBN,FY26-Q2,GLOBAL,2025-12-23,2026-01-08,4800
CMP-103,FY26-Q2_WBN_GLOBAL_Check-Fraud-Briefing,WBN,FY26-Q2,GLOBAL,2025-12-29,2026-01-10,3400
CMP-104,FY26-Q2_CNT_GLOBAL_Check-Fraud-Benchmark,CNT,FY26-Q2,GLOBAL,2025-12-27,2026-03-20,5500
CMP-105,FY26-Q2_CNT_GLOBAL_Identity-Fraud-Guide,CNT,FY26-Q2,GLOBAL,2025-12-12,2026-03-31,5900
CMP-106,FY26-Q2_PAID_GLOBAL_LinkedIn-Fraud-Leaders,PAID,FY26-Q2,GLOBAL,2025-12-22,2026-03-28,19600
CMP-107,FY26-Q2_PAID_GLOBAL_Retargeting-Banking,PAID,FY26-Q2,GLOBAL,2025-12-19,2026-03-28,27800
CMP-108,FY26-Q2_OUT_GLOBAL_Clay-Job-Change-Trigger,OUT,FY26-Q2,GLOBAL,2025-12-23,2026-03-29,4900
CMP-109,FY26-Q2_OUT_GLOBAL_Sales-Nav-Fraud-Leader,OUT,FY26-Q2,GLOBAL,2025-12-14,2026-03-30,5400
CMP-110,FY26-Q2_PRT_GLOBAL_Partner-Referral,PRT,FY26-Q2,GLOBAL,2025-12-09,2026-03-31,0
CMP-111,FY26-Q2_WEB_GLOBAL_Demo-Request,WEB,FY26-Q2,GLOBAL,2025-12-10,2026-03-31,0
CMP-112,FY26-Q2_WEB_GLOBAL_Qualified-Chat,WEB,FY26-Q2,GLOBAL,2025-12-23,2026-03-27,0
CMP-113,FY26-Q3_EVT_NA_Banking-Fraud-Forum,EVT,FY26-Q3,NA,2026-03-14,2026-04-01,53300
CMP-114,FY26-Q3_EVT_GLOBAL_Fintech-Risk-Summit,EVT,FY26-Q3,GLOBAL,2026-03-11,2026-04-01,49300
CMP-115,FY26-Q3_WBN_GLOBAL_Deepfake-Defense-Live,WBN,FY26-Q3,GLOBAL,2026-03-21,2026-04-03,2100
CMP-116,Check Fraud Briefing Q3,WBN,FY26-Q3,GLOBAL,2026-03-11,2026-04-02,4900
CMP-117,Check Fraud Benchmark Q3,CNT,FY26-Q3,GLOBAL,2026-03-06,2026-06-25,7800
CMP-118,FY26-Q3_CNT_GLOBAL_Identity-Fraud-Guide,CNT,FY26-Q3,GLOBAL,2026-03-16,2026-06-27,6300
CMP-119,LinkedIn Fraud Leaders Q3,PAID,FY26-Q3,GLOBAL,2026-03-07,2026-06-30,30400
CMP-120,FY26-Q3_PAID_GLOBAL_Retargeting-Banking,PAID,FY26-Q3,GLOBAL,2026-03-17,2026-06-30,18900
CMP-121,FY26-Q3_OUT_GLOBAL_Clay-Job-Change-Trigger,OUT,FY26-Q3,GLOBAL,2026-03-06,2026-06-30,3000
CMP-122,FY26-Q3_OUT_GLOBAL_Sales-Nav-Fraud-Leader,OUT,FY26-Q3,GLOBAL,2026-03-17,2026-06-30,4600
CMP-123,FY26-Q3_PRT_GLOBAL_Partner-Referral,PRT,FY26-Q3,GLOBAL,2026-03-25,2026-06-28,0
CMP-124,FY26-Q3_WEB_GLOBAL_Demo-Request,WEB,FY26-Q3,GLOBAL,2026-03-15,2026-06-23,0
CMP-125,FY26-Q3_WEB_GLOBAL_Qualified-Chat,WEB,FY26-Q3,GLOBAL,2026-03-05,2026-06-27,0
CMP-126,FY26-Q4_EVT_NA_Banking-Fraud-Forum,EVT,FY26-Q4,NA,2026-06-08,2026-06-25,26100
CMP-127,FY26-Q4_EVT_GLOBAL_Fintech-Risk-Summit,EVT,FY26-Q4,GLOBAL,2026-06-07,2026-07-05,41200
CMP-128,FY26-Q4_WBN_GLOBAL_Deepfake-Defense-Live,WBN,FY26-Q4,GLOBAL,2026-06-05,2026-06-30,3300
CMP-129,FY26-Q4_WBN_GLOBAL_Check-Fraud-Briefing,WBN,FY26-Q4,GLOBAL,2026-06-16,2026-07-01,4500
CMP-130,FY26-Q4_CNT_GLOBAL_Check-Fraud-Benchmark,CNT,FY26-Q4,GLOBAL,2026-06-15,2026-09-30,5600
CMP-131,FY26-Q4_CNT_GLOBAL_Identity-Fraud-Guide,CNT,FY26-Q4,GLOBAL,2026-06-19,2026-09-30,6200
CMP-132,FY26-Q4_PAID_GLOBAL_LinkedIn-Fraud-Leaders,PAID,FY26-Q4,GLOBAL,2026-06-10,2026-09-30,27500
CMP-133,FY26-Q4_PAID_GLOBAL_Retargeting-Banking,PAID,FY26-Q4,GLOBAL,2026-06-13,2026-09-30,31600
CMP-134,FY26-Q4_OUT_GLOBAL_Clay-Job-Change-Trigger,OUT,FY26-Q4,GLOBAL,2026-06-07,2026-09-30,4400
CMP-135,FY26-Q4_OUT_GLOBAL_Sales-Nav-Fraud-Leader,OUT,FY26-Q4,GLOBAL,2026-06-12,2026-09-30,3800
CMP-136,FY26-Q4_PRT_GLOBAL_Partner-Referral,PRT,FY26-Q4,GLOBAL,2026-06-19,2026-09-30,0
CMP-137,FY26-Q4_WEB_GLOBAL_Demo-Request,WEB,FY26-Q4,GLOBAL,2026-06-20,2026-09-28,0
CMP-138,FY26-Q4_WEB_GLOBAL_Qualified-Chat,WEB,FY26-Q4,GLOBAL,2026-06-06,2026-09-30,0
