quarter,week,snapshot_date,region,commit,best_case,pipeline,actual_closed_won
FY26-Q2,1,2026-01-01,NA,234516,322509,765742,256000
FY26-Q2,2,2026-01-08,NA,213169,262211,707641,256000
FY26-Q2,3,2026-01-15,NA,217958,283908,703819,256000
FY26-Q2,4,2026-01-22,NA,226505,323406,672914,256000
FY26-Q2,5,2026-01-29,NA,220924,307698,605896,256000
FY26-Q2,6,2026-02-05,NA,196337,267364,533466,256000
FY26-Q2,7,2026-02-12,NA,226255,309757,717230,256000
FY26-Q2,8,2026-02-19,NA,243872,295493,674276,256000
FY26-Q2,9,2026-02-26,NA,228922,292144,727023,256000
FY26-Q2,10,2026-03-05,NA,235862,324096,715209,256000
FY26-Q2,11,2026-03-12,NA,234833,310072,629298,256000
FY26-Q2,12,2026-03-19,NA,230958,319986,595385,256000
FY26-Q2,13,2026-03-26,NA,235520,283913,707712,256000
FY26-Q2,1,2026-01-01,EMEA,143406,182939,339251,146000
FY26-Q2,2,2026-01-08,EMEA,155946,189423,464330,146000
FY26-Q2,3,2026-01-15,EMEA,129341,173350,403284,146000
FY26-Q2,4,2026-01-22,EMEA,150200,195316,460807,146000
FY26-Q2,5,2026-01-29,EMEA,137010,165431,365668,146000
FY26-Q2,6,2026-02-05,EMEA,153379,186729,477870,146000
FY26-Q2,7,2026-02-12,EMEA,156407,210285,524682,146000
FY26-Q2,8,2026-02-19,EMEA,156297,195045,495697,146000
FY26-Q2,9,2026-02-26,EMEA,156391,210399,487954,146000
FY26-Q2,10,2026-03-05,EMEA,152747,208993,439910,146000
FY26-Q2,11,2026-03-12,EMEA,160026,213495,382733,146000
FY26-Q2,12,2026-03-19,EMEA,162493,223527,545806,146000
FY26-Q2,13,2026-03-26,EMEA,163520,227679,511349,146000
FY26-Q3,1,2026-04-01,NA,608351,842192,2011492,747000
FY26-Q3,2,2026-04-08,NA,643312,857839,2050126,747000
FY26-Q3,3,2026-04-15,NA,599832,780566,1529767,747000
FY26-Q3,4,2026-04-22,NA,669991,809049,2051215,747000
FY26-Q3,5,2026-04-29,NA,561897,767673,1891892,747000
FY26-Q3,6,2026-05-06,NA,598887,731704,1871701,747000
FY26-Q3,7,2026-05-13,NA,680507,984960,1988309,747000
FY26-Q3,8,2026-05-20,NA,644956,777056,1637372,747000
FY26-Q3,9,2026-05-27,NA,665933,868801,1486458,747000
FY26-Q3,10,2026-06-03,NA,637142,825159,1539053,747000
FY26-Q3,11,2026-06-10,NA,653390,855809,1439021,747000
FY26-Q3,12,2026-06-17,NA,671193,848802,1965731,747000
FY26-Q3,13,2026-06-24,NA,687240,864547,2264425,747000
FY26-Q3,1,2026-04-01,EMEA,187534,259852,475123,141000
FY26-Q3,2,2026-04-08,EMEA,146260,201011,459165,141000
FY26-Q3,3,2026-04-15,EMEA,119539,164179,380904,141000
FY26-Q3,4,2026-04-22,EMEA,160214,196729,443117,141000
FY26-Q3,5,2026-04-29,EMEA,152885,216334,337371,141000
FY26-Q3,6,2026-05-06,EMEA,131704,166971,324804,141000
FY26-Q3,7,2026-05-13,EMEA,133730,164284,435912,141000
FY26-Q3,8,2026-05-20,EMEA,136854,190181,452355,141000
FY26-Q3,9,2026-05-27,EMEA,149731,183531,446286,141000
FY26-Q3,10,2026-06-03,EMEA,153067,218924,457640,141000
FY26-Q3,11,2026-06-10,EMEA,159515,227360,476132,141000
FY26-Q3,12,2026-06-17,EMEA,156403,224419,489490,141000
FY26-Q3,13,2026-06-24,EMEA,157920,194021,357732,141000
FY26-Q4,1,2026-07-01,NA,1020930,1386120,2298153,1344000
FY26-Q4,2,2026-07-08,NA,1055772,1499152,2580628,1344000
FY26-Q4,3,2026-07-15,NA,962727,1279845,3155729,1344000
FY26-Q4,4,2026-07-22,NA,1113861,1604221,2538164,1344000
FY26-Q4,5,2026-07-29,NA,1168003,1449960,3895341,1344000
FY26-Q4,6,2026-08-05,NA,1191965,1594333,3553889,1344000
FY26-Q4,7,2026-08-12,NA,1180615,1665390,3059564,1344000
FY26-Q4,8,2026-08-19,NA,1054878,1515472,3156846,1344000
FY26-Q4,9,2026-08-26,NA,1215943,1613448,3520576,1344000
FY26-Q4,10,2026-09-02,NA,1202048,1544295,3459418,1344000
FY26-Q4,11,2026-09-09,NA,1193143,1513982,2732673,1344000
FY26-Q4,12,2026-09-16,NA,1212521,1618666,3282996,1344000
FY26-Q4,13,2026-09-23,NA,1236480,1669198,4047265,1344000
FY26-Q4,1,2026-07-01,EMEA,342728,484838,824531,358000
FY26-Q4,2,2026-07-08,EMEA,322426,388165,722142,358000
FY26-Q4,3,2026-07-15,EMEA,366439,451954,813529,358000
FY26-Q4,4,2026-07-22,EMEA,341971,464705,1082463,358000
FY26-Q4,5,2026-07-29,EMEA,348328,504576,942414,358000
FY26-Q4,6,2026-08-05,EMEA,350335,444979,862529,358000
FY26-Q4,7,2026-08-12,EMEA,339982,476236,903599,358000
FY26-Q4,8,2026-08-19,EMEA,366706,470668,1036423,358000
FY26-Q4,9,2026-08-26,EMEA,368912,518443,1026116,358000
FY26-Q4,10,2026-09-02,EMEA,395462,547298,1010122,358000
FY26-Q4,11,2026-09-09,EMEA,393103,536774,1175102,358000
FY26-Q4,12,2026-09-16,EMEA,395400,511444,1063385,358000
FY26-Q4,13,2026-09-23,EMEA,400960,483013,925427,358000
FY26-Q4,1,2026-07-01,LATAM,51366,67527,128332,46000
FY26-Q4,2,2026-07-08,LATAM,35879,44694,118093,46000
FY26-Q4,3,2026-07-15,LATAM,37580,52767,114436,46000
FY26-Q4,4,2026-07-22,LATAM,40227,50787,106687,46000
FY26-Q4,5,2026-07-29,LATAM,42329,60512,108039,46000
FY26-Q4,6,2026-08-05,LATAM,42662,55199,100664,46000
FY26-Q4,7,2026-08-12,LATAM,43609,52790,114512,46000
FY26-Q4,8,2026-08-19,LATAM,40371,55495,109403,46000
FY26-Q4,9,2026-08-26,LATAM,43442,57917,118491,46000
FY26-Q4,10,2026-09-02,LATAM,44615,57634,148568,46000
FY26-Q4,11,2026-09-09,LATAM,44054,62488,140643,46000
FY26-Q4,12,2026-09-16,LATAM,44445,56356,144563,46000
FY26-Q4,13,2026-09-23,LATAM,46000,59251,140770,46000
