opportunity_id,account_id,account_name,segment,region,type,product_line,source,partner,owner,amount,stage,forecast_category,created_date,close_date,stage_entered_date,last_activity_date,contacts_engaged,economic_buyer_engaged,poc_status,security_review,next_step,is_closed,is_won,closed_lost_reason,competitor,originating_lead_id
OPP-7000,ACC-1214,Union Square Lend,fintech,EMEA,New Logo,identity,Marketing,,AE - Klara Weiss,47000,Closed Lost,Omitted,2026-02-21,2026-08-08,2026-08-08,2026-08-08,2,True,Not Started,In Progress,Legal redlines,True,False,No Decision / Status Quo,Competitor A (IDV),L-5004
OPP-7001,ACC-1006,Union Square Pay,fintech,EMEA,Expansion,identity,SDR,,AE - Klara Weiss,41000,5 - Negotiate & Contract,Best Case,2026-04-27,2026-10-19,2026-09-24,2026-08-22,4,True,In Progress,Not Started,POC readout,False,False,,In-house build,L-5059
OPP-7002,ACC-1265,Tidewater Credit Union,credit_union,NA,Expansion,identity,Marketing,,AE - Grace Tan,32000,Closed Lost,Omitted,2026-06-29,2026-09-09,2026-09-09,2026-09-09,6,False,In Progress,Complete,Legal redlines,True,False,No Decision / Status Quo,Competitor A (IDV),L-5093
OPP-7003,ACC-1096,Crescent Members CU,credit_union,NA,New Logo,identity,Marketing,,AE - Jon Reyes,30000,Closed Lost,Omitted,2026-01-22,2026-08-02,2026-08-02,2026-08-02,1,True,N/A,Not Started,Exec alignment call,True,False,Price,None known,L-5106
OPP-7004,ACC-1184,Evergreen Wallet,fintech,NA,New Logo,identity,Marketing,,AE - Iris Bell,184000,5 - Negotiate & Contract,Best Case,2026-07-19,2026-10-15,2026-09-07,2026-09-13,1,True,N/A,In Progress,Exec alignment call,False,False,,Competitor A (IDV),L-5116
OPP-7005,ACC-1154,Stonebridge Members CU,credit_union,NA,Expansion,check,Marketing,,AE - Grace Tan,19000,4 - Business Case & Security Review,Best Case,2026-06-20,2026-11-25,2026-09-07,2026-09-19,2,True,Passed,Complete,Security questionnaire,False,False,,None known,L-5119
OPP-7006,ACC-1305,Lakeshore Wallet,fintech,NA,New Logo,identity,Marketing,,AE - Hugo Park,94000,Closed Lost,Omitted,2026-05-11,2026-07-15,2026-07-15,2026-07-15,4,True,N/A,In Progress,,True,False,Lost to Competitor,Competitor C (Check),L-5133
OPP-7007,ACC-1142,Blue Mesa Credit Union,credit_union,NA,New Logo,identity,Marketing,,AE - Grace Tan,49000,Closed Won,Closed,2026-02-05,2026-05-28,2026-05-28,2026-05-28,4,True,Not Started,In Progress,Security questionnaire,True,True,,In-house build,L-5141
OPP-7008,ACC-1167,Crescent Credit Union,credit_union,NA,New Logo,identity,Marketing,,AE - Hugo Park,30000,Closed Lost,Omitted,2026-02-28,2026-06-25,2026-06-25,2026-06-25,2,False,Not Started,Complete,Legal redlines,True,False,Lost to Competitor,None known,L-5158
OPP-7009,ACC-1166,Oakmont National Bank,bank_tier1,NA,Expansion,identity,Marketing,,AE - Jon Reyes,332000,4 - Business Case & Security Review,Best Case,2026-03-19,2027-01-22,2026-08-22,2026-09-29,5,False,In Progress,Complete,Security questionnaire,False,False,,None known,L-5185
OPP-7010,ACC-1080,Oakmont Pay,fintech,EMEA,New Logo,identity,Marketing,,AE - Liam Byrne,203000,5 - Negotiate & Contract,Commit,2026-05-17,2026-10-23,2026-09-18,2026-08-22,6,False,In Progress,Not Started,Security questionnaire,False,False,,In-house build,L-5187
OPP-7011,ACC-1293,Redwood Bank & Trust,bank_regional,NA,Expansion,identity,Marketing,,AE - Hugo Park,144000,1 - Qualify,Commit,2026-09-24,2027-04-08,2026-09-07,2026-08-22,2,False,Not Started,Not Started,Security questionnaire,False,False,,Competitor A (IDV),L-5223
OPP-7012,ACC-1196,Sterling Community Bank,bank_community,NA,New Logo,identity,Marketing,,AE - Iris Bell,68000,2 - Discovery,Pipeline,2026-07-29,2027-02-06,2026-09-26,2026-09-29,1,False,Not Started,Not Started,Legal redlines,False,False,,Competitor B (IDV),L-5232
OPP-7013,ACC-1448,Lakeshore Bank & Trust,bank_regional,NA,Expansion,identity,Partner,CSI,AE - Iris Bell,95000,Closed Lost,Omitted,2026-05-24,2026-07-26,2026-07-26,2026-07-26,6,True,N/A,In Progress,Pricing review,True,False,No Decision / Status Quo,In-house build,L-5242
OPP-7014,ACC-1047,Maple Leaf Wallet,fintech,APAC,New Logo,identity,Marketing,,AE - Mei Lin,146000,4 - Business Case & Security Review,Best Case,2026-06-01,2026-12-03,2026-09-07,2026-09-26,7,False,Passed,Complete,Security questionnaire,False,False,,Competitor C (Check),L-5246
OPP-7015,ACC-1321,Riverbend Neo,fintech,NA,Expansion,identity,Marketing,,AE - Jon Reyes,55000,2 - Discovery,Pipeline,2026-07-22,2027-01-28,2026-08-10,2026-09-29,5,False,Not Started,Not Started,Security questionnaire,False,False,,In-house build,L-5265
OPP-7016,ACC-1257,Arbor Bank,bank_regional,EMEA,Expansion,check,Partner,Abrigo,AE - Liam Byrne,54000,Closed Lost,Omitted,2026-03-20,2026-06-12,2026-06-12,2026-06-12,3,True,Not Started,In Progress,Pricing review,True,False,Timing / Budget,Competitor A (IDV),L-5272
OPP-7017,ACC-1361,Granite Peak Federal Credit Union,credit_union,NA,Expansion,check,Marketing,,AE - Hugo Park,23000,Closed Won,Closed,2026-01-26,2026-05-11,2026-05-11,2026-05-11,3,False,Not Started,In Progress,Security questionnaire,True,True,,In-house build,L-5282
OPP-7018,ACC-1017,Northgate State Bank,bank_community,NA,Expansion,check,Marketing,,AE - Iris Bell,16000,4 - Business Case & Security Review,Best Case,2026-07-05,2026-10-24,2026-09-06,2026-09-29,6,False,Not Started,Complete,Legal redlines,False,False,,Competitor A (IDV),L-5287
OPP-7019,ACC-1252,Union Square Savings Bank,bank_community,NA,Expansion,identity,Marketing,,AE - Hugo Park,26000,Closed Lost,Omitted,2026-03-18,2026-06-20,2026-06-20,2026-06-20,2,False,Not Started,In Progress,POC readout,True,False,Timing / Budget,Competitor C (Check),L-5310
OPP-7020,ACC-1365,Silverline Money,fintech,EMEA,New Logo,identity,SDR,,AE - Klara Weiss,158000,Closed Won,Closed,2026-03-29,2026-07-31,2026-07-31,2026-07-31,1,False,N/A,Complete,POC readout,True,True,,Competitor A (IDV),L-5312
OPP-7021,ACC-1281,Union Square Members CU,credit_union,NA,Expansion,check,Partner,Fiserv,AE - Iris Bell,13000,Closed Lost,Omitted,2026-05-24,2026-08-08,2026-08-08,2026-08-08,3,False,Passed,Complete,Pricing review,True,False,Lost to Competitor,None known,L-5321
OPP-7022,ACC-1376,Granite Peak Neo,fintech,EMEA,New Logo,identity,SDR,,AE - Liam Byrne,200000,Closed Won,Closed,2026-04-27,2026-09-04,2026-09-04,2026-09-04,4,True,In Progress,Complete,Exec alignment call,True,True,,In-house build,L-5340
OPP-7023,ACC-1201,Silverline Hub,marketplace,NA,Expansion,identity,Marketing,,AE - Hugo Park,57000,Closed Lost,Omitted,2026-04-01,2026-07-27,2026-07-27,2026-07-27,3,False,N/A,In Progress,Pricing review,True,False,No Decision / Status Quo,Competitor B (IDV),L-5341
OPP-7024,ACC-1402,Bayfront Bank & Trust,bank_regional,NA,Expansion,identity,SDR,,AE - Iris Bell,61000,3 - Technical Validation,Best Case,2026-07-23,2026-11-25,2026-08-20,2026-09-30,1,True,In Progress,Not Started,Legal redlines,False,False,,Competitor A (IDV),L-5342
OPP-7025,ACC-1284,Prairie First Exchange,marketplace,NA,New Logo,identity,Marketing,,AE - Grace Tan,42000,3 - Technical Validation,Best Case,2026-07-01,2027-01-06,2026-08-19,2026-09-30,3,True,Not Started,Not Started,Pricing review,False,False,,None known,L-5346
OPP-7026,ACC-1265,Tidewater Credit Union,credit_union,NA,Expansion,check,Marketing,,AE - Hugo Park,29000,2 - Discovery,Pipeline,2026-09-06,2026-11-29,2026-09-10,2026-09-06,2,True,Not Started,Not Started,,False,False,,Competitor B (IDV),L-5347
OPP-7027,ACC-1355,Tidewater Lend,fintech,NA,New Logo,identity,Marketing,,AE - Grace Tan,45000,Closed Lost,Omitted,2026-05-05,2026-08-15,2026-08-15,2026-08-15,5,False,N/A,Not Started,POC readout,True,False,No Decision / Status Quo,Competitor B (IDV),L-5349
OPP-7028,ACC-1315,Prairie First Bank & Trust,bank_regional,NA,Expansion,identity,Marketing,,AE - Grace Tan,53000,4 - Business Case & Security Review,Best Case,2026-07-07,2026-10-27,2026-09-05,2026-09-28,3,True,In Progress,Complete,Pricing review,False,False,,Competitor B (IDV),L-5357
OPP-7029,ACC-1281,Union Square Members CU,credit_union,NA,Expansion,check,Marketing,,AE - Hugo Park,28000,4 - Business Case & Security Review,Best Case,2026-07-19,2026-11-04,2026-08-19,2026-09-26,6,True,In Progress,Not Started,Pricing review,False,False,,None known,L-5367
OPP-7030,ACC-1405,Oakmont Lend,fintech,NA,New Logo,identity,Marketing,,AE - Iris Bell,81000,3 - Technical Validation,Best Case,2026-07-20,2026-12-13,2026-09-30,2026-09-23,5,False,N/A,Not Started,POC readout,False,False,,Competitor B (IDV),L-5374
OPP-7031,ACC-1114,Keystone Wallet,fintech,NA,New Logo,identity,Marketing,,AE - Grace Tan,181000,Closed Lost,Omitted,2026-06-09,2026-09-08,2026-09-08,2026-09-08,2,True,Not Started,Complete,Exec alignment call,True,False,,Competitor C (Check),L-5376
OPP-7032,ACC-1203,Meridian Credit Union,credit_union,NA,Expansion,check,SDR,,AE - Hugo Park,22000,Closed Lost,Omitted,2026-04-29,2026-08-21,2026-08-21,2026-08-21,4,False,N/A,Not Started,,True,False,Integration Effort,None known,L-5392
OPP-7033,ACC-1171,Copper State Members CU,credit_union,NA,Expansion,check,Marketing,,AE - Hugo Park,21000,3 - Technical Validation,Best Case,2026-08-23,2026-11-12,2026-09-16,2026-08-22,1,True,Not Started,Not Started,Pricing review,False,False,,None known,L-5401
OPP-7034,ACC-1236,Cedar Valley Federal Credit Union,credit_union,NA,Expansion,identity,Marketing,,AE - Jon Reyes,25000,Closed Lost,Omitted,2026-03-15,2026-09-08,2026-09-08,2026-09-08,4,False,In Progress,In Progress,Security questionnaire,True,False,Integration Effort,None known,L-5419
OPP-7035,ACC-1056,Cedar Valley State Bank,bank_community,NA,Expansion,identity,Marketing,,AE - Grace Tan,15000,3 - Technical Validation,Best Case,2026-03-26,2026-06-23,2026-08-16,2026-08-22,2,False,Not Started,Not Started,Security questionnaire,False,False,,Competitor B (IDV),L-5421
OPP-7036,ACC-1056,Cedar Valley State Bank,bank_community,NA,Expansion,identity,Marketing,,AE - Hugo Park,18000,Closed Won,Closed,2026-02-04,2026-04-26,2026-04-26,2026-04-26,5,False,In Progress,Complete,Pricing review,True,True,,None known,L-5424
OPP-7037,ACC-1010,Evergreen Members CU,credit_union,NA,Expansion,check,Marketing,,AE - Hugo Park,11000,Closed Lost,Omitted,2026-02-05,2026-05-01,2026-05-01,2026-05-01,5,False,N/A,Not Started,,True,False,Timing / Budget,Competitor C (Check),L-5448
OPP-7038,ACC-1107,Highland Credit Union,credit_union,NA,New Logo,check,Marketing,,AE - Hugo Park,49000,3 - Technical Validation,Best Case,2026-07-22,2026-12-03,2026-09-13,2026-09-29,3,True,Not Started,Not Started,Security questionnaire,False,False,,In-house build,L-5453
OPP-7039,ACC-1040,Falcon Lend,fintech,APAC,New Logo,identity,Marketing,,AE - Mei Lin,81000,4 - Business Case & Security Review,Best Case,2026-06-20,2026-11-05,2026-09-30,2026-09-29,3,False,N/A,Not Started,Exec alignment call,False,False,,None known,L-5458
OPP-7040,ACC-1012,Evergreen Savings Bank,bank_community,NA,New Logo,check,Marketing,,AE - Jon Reyes,48000,1 - Qualify,Commit,2026-09-15,2026-12-24,2026-08-19,2026-09-19,4,True,Not Started,Not Started,,False,False,,In-house build,L-5495
OPP-7041,ACC-1031,Stonebridge Money,fintech,NA,New Logo,identity,Partner,CSI,AE - Grace Tan,171000,Closed Lost,Omitted,2026-03-07,2026-08-24,2026-08-24,2026-08-24,1,True,Passed,Not Started,Security questionnaire,True,False,Timing / Budget,Competitor A (IDV),L-5498
OPP-7042,ACC-1198,Prairie First Bank,bank_regional,NA,Expansion,check,Marketing,,AE - Jon Reyes,48000,Closed Lost,Omitted,2026-02-08,2026-06-27,2026-06-27,2026-06-27,6,True,In Progress,Complete,Legal redlines,True,False,Build In-House,Competitor A (IDV),L-5512
OPP-7043,ACC-1020,Redwood National Bank,bank_tier1,NA,New Logo,check,SDR,,AE - Grace Tan,573000,1 - Qualify,Pipeline,2026-09-17,2027-06-20,2026-08-10,2026-09-28,1,True,Not Started,Not Started,Pricing review,False,False,,Competitor A (IDV),L-5515
OPP-7044,ACC-1336,Silverline Sportsbook,igaming,NA,New Logo,identity,Marketing,,AE - Hugo Park,196000,Closed Lost,Omitted,2026-04-01,2026-09-01,2026-09-01,2026-09-01,1,False,Passed,Not Started,Legal redlines,True,False,Build In-House,Competitor A (IDV),L-5530
OPP-7045,ACC-1387,Maple Leaf Bancorp,bank_tier1,NA,New Logo,identity,SDR,,AE - Grace Tan,408000,4 - Business Case & Security Review,Best Case,2026-03-24,2026-12-05,2026-09-01,2026-09-13,5,True,N/A,Not Started,,False,False,,None known,L-5556
OPP-7046,ACC-1222,Summit Ridge Money,fintech,NA,Expansion,identity,Marketing,,AE - Jon Reyes,58000,4 - Business Case & Security Review,Best Case,2026-05-18,2026-11-19,2026-09-19,2026-09-28,2,True,N/A,Complete,Pricing review,False,False,,None known,L-5557
OPP-7047,ACC-1296,Falcon Pay,fintech,EMEA,New Logo,identity,Partner,,AE - Klara Weiss,213000,Closed Lost,Omitted,2026-03-16,2026-08-20,2026-08-20,2026-08-20,5,True,Passed,Not Started,,True,False,Lost to Competitor,None known,L-5583
OPP-7048,ACC-1191,Riverbend Credit Union,credit_union,NA,Expansion,check,Marketing,,AE - Iris Bell,12000,Closed Lost,Omitted,2026-04-16,2026-09-30,2026-09-30,2026-09-30,3,True,In Progress,Not Started,,True,False,,None known,L-5588
OPP-7049,ACC-1020,Redwood National Bank,bank_tier1,NA,New Logo,check,Marketing,,AE - Iris Bell,280000,Closed Lost,Omitted,2026-02-12,2026-06-15,2026-06-15,2026-06-15,1,True,N/A,In Progress,Exec alignment call,True,False,No Decision / Status Quo,Competitor C (Check),L-5635
OPP-7050,ACC-1439,Prairie First Pay,fintech,NA,New Logo,identity,Marketing,,AE - Jon Reyes,40000,Closed Lost,Omitted,2026-04-06,2026-08-02,2026-08-02,2026-08-02,5,True,Passed,Complete,Pricing review,True,False,No Decision / Status Quo,None known,L-5663
OPP-7051,ACC-1365,Silverline Money,fintech,EMEA,New Logo,identity,Marketing,,AE - Liam Byrne,206000,2 - Discovery,Pipeline,2026-07-31,2027-01-30,2026-09-06,2026-09-19,1,True,Not Started,Not Started,Exec alignment call,False,False,,Competitor B (IDV),L-5678
OPP-7052,ACC-1264,Granite Peak Hub,marketplace,NA,New Logo,identity,Marketing,,AE - Jon Reyes,65000,Closed Lost,Omitted,2026-05-05,2026-08-19,2026-08-19,2026-08-19,1,True,Passed,Complete,POC readout,True,False,Price,Competitor B (IDV),L-5679
OPP-7053,ACC-1212,Blue Mesa Members CU,credit_union,NA,New Logo,identity,Marketing,,AE - Hugo Park,63000,Closed Lost,Omitted,2026-05-22,2026-09-20,2026-09-20,2026-09-20,1,False,Passed,Not Started,,True,False,Security / Compliance Blocker,Competitor C (Check),L-5686
OPP-7054,ACC-1381,Riverbend Lend,fintech,LATAM,New Logo,identity,Marketing,,AE - Nico Duarte,107000,Closed Lost,Omitted,2026-02-20,2026-06-25,2026-06-25,2026-06-25,1,True,N/A,In Progress,Exec alignment call,True,False,No Decision / Status Quo,Competitor B (IDV),L-5687
OPP-7055,ACC-1167,Crescent Credit Union,credit_union,NA,New Logo,check,SDR,,AE - Jon Reyes,58000,5 - Negotiate & Contract,Best Case,2026-05-16,2026-10-08,2026-08-13,2026-09-19,5,False,Passed,In Progress,Pricing review,False,False,,None known,L-5697
OPP-7056,ACC-1317,Maple Leaf Play,igaming,NA,New Logo,identity,Marketing,,AE - Iris Bell,87000,1 - Qualify,Pipeline,2026-09-28,2027-04-12,2026-08-14,2026-09-26,7,True,Not Started,Not Started,Exec alignment call,False,False,,Competitor C (Check),L-5709
OPP-7057,ACC-1353,Evergreen Health,adjacent_regulated,NA,New Logo,identity,Marketing,,AE - Iris Bell,101000,3 - Technical Validation,Best Case,2026-03-06,2026-06-16,2026-08-13,2026-09-26,1,True,Passed,Not Started,Security questionnaire,False,False,,None known,L-5726
OPP-7058,ACC-1426,Riverbend Bancorp,bank_tier1,EMEA,New Logo,identity,SDR,,AE - Klara Weiss,397000,1 - Qualify,Pipeline,2026-09-14,2027-07-04,2026-08-13,2026-08-22,4,True,Not Started,Not Started,,False,False,,None known,L-5731
OPP-7059,ACC-1391,Summit Ridge Members CU,credit_union,NA,Expansion,check,SDR,,AE - Iris Bell,11000,Closed Lost,Omitted,2026-02-13,2026-05-29,2026-05-29,2026-05-29,4,True,Not Started,Not Started,Exec alignment call,True,False,Build In-House,Competitor B (IDV),L-5743
OPP-7060,ACC-1027,Northgate Money,fintech,NA,New Logo,identity,Marketing,,AE - Grace Tan,220000,1 - Qualify,Pipeline,2026-09-09,2027-02-22,2026-09-23,2026-09-06,4,True,Not Started,Not Started,Security questionnaire,False,False,,Competitor B (IDV),L-5772
OPP-7061,ACC-1428,Stonebridge Pay,fintech,NA,New Logo,identity,Partner,FICO Marketplace,AE - Hugo Park,202000,4 - Business Case & Security Review,Best Case,2026-07-01,2026-11-10,2026-08-31,2026-09-28,2,True,Not Started,Not Started,,False,False,,In-house build,L-5781
OPP-7062,ACC-1202,Bayfront Lend,fintech,NA,New Logo,identity,Marketing,,AE - Grace Tan,94000,5 - Negotiate & Contract,Best Case,2026-05-11,2026-09-27,2026-08-25,2026-09-30,7,True,In Progress,Complete,Exec alignment call,False,False,,Competitor B (IDV),L-5824
OPP-7063,ACC-1057,Northgate Members CU,credit_union,NA,Expansion,check,Marketing,,AE - Iris Bell,13000,2 - Discovery,Pipeline,2026-09-04,2026-11-19,2026-08-07,2026-09-13,6,False,Not Started,Not Started,Legal redlines,False,False,,Competitor C (Check),L-5831
OPP-7064,ACC-1227,Harborview Bank & Trust,bank_regional,NA,New Logo,identity,SDR,,AE - Grace Tan,166000,Closed Lost,Omitted,2026-06-08,2026-09-22,2026-09-22,2026-09-22,3,False,In Progress,Not Started,Security questionnaire,True,False,No Decision / Status Quo,Competitor A (IDV),L-5847
OPP-7065,ACC-1408,Cedar Valley Wallet,fintech,NA,New Logo,identity,Marketing,,AE - Iris Bell,139000,Closed Won,Closed,2026-02-09,2026-05-06,2026-05-06,2026-05-06,6,True,Not Started,Not Started,POC readout,True,True,,Competitor A (IDV),L-5849
OPP-7066,ACC-1112,Westfield Hub,marketplace,NA,New Logo,identity,AE,,AE - Jon Reyes,53000,Closed Lost,Omitted,2026-04-27,2026-09-27,2026-09-27,2026-09-27,2,True,In Progress,Complete,,True,False,Lost to Competitor,Competitor C (Check),
OPP-7067,ACC-1175,Summit Ridge Play,igaming,EMEA,New Logo,identity,AE,,AE - Klara Weiss,149000,Closed Lost,Omitted,2026-01-27,2026-07-05,2026-07-05,2026-07-05,4,True,Not Started,Complete,Security questionnaire,True,False,No Decision / Status Quo,In-house build,
OPP-7068,ACC-1412,Oakmont Community Bank,bank_community,NA,New Logo,check,Partner,CSI,AE - Jon Reyes,68000,Closed Lost,Omitted,2025-12-12,2026-06-14,2026-06-14,2026-06-14,6,True,Passed,Not Started,Security questionnaire,True,False,Lost to Competitor,In-house build,
OPP-7069,ACC-1121,Sterling Money,fintech,NA,New Logo,identity,AE,,AE - Iris Bell,51000,Closed Won,Closed,2026-03-13,2026-06-12,2026-06-12,2026-06-12,7,False,N/A,In Progress,Pricing review,True,True,,Competitor A (IDV),
OPP-7070,ACC-1433,Summit Ridge Wallet,fintech,APAC,New Logo,identity,AE,,AE - Mei Lin,176000,Closed Lost,Omitted,2026-03-22,2026-09-04,2026-09-04,2026-09-04,2,True,Not Started,Not Started,Legal redlines,True,False,Lost to Competitor,Competitor B (IDV),
OPP-7071,ACC-1066,Clearwater Credit Union,credit_union,NA,Expansion,check,Partner,Fiserv,AE - Grace Tan,14000,Closed Lost,Omitted,2026-01-19,2026-05-16,2026-05-16,2026-05-16,4,True,N/A,In Progress,,True,False,No Decision / Status Quo,In-house build,
OPP-7072,ACC-1275,Ironwood Federal Credit Union,credit_union,NA,New Logo,identity,AE,,AE - Hugo Park,54000,3 - Technical Validation,Best Case,2026-08-09,2026-11-11,2026-08-20,2026-09-19,6,True,Not Started,Not Started,,False,False,,Competitor C (Check),
OPP-7073,ACC-1102,Pinecrest Credit Union,credit_union,NA,New Logo,check,Partner,Abrigo,AE - Iris Bell,57000,Closed Won,Closed,2026-01-27,2026-04-29,2026-04-29,2026-04-29,2,True,N/A,Not Started,Legal redlines,True,True,,Competitor B (IDV),
OPP-7074,ACC-1428,Stonebridge Pay,fintech,NA,New Logo,identity,AE,,AE - Jon Reyes,56000,Closed Lost,Omitted,2025-10-09,2026-03-18,2026-03-18,2026-03-18,2,False,Passed,Complete,Pricing review,True,False,Price,Competitor A (IDV),
OPP-7075,ACC-1422,Highland Neo,fintech,NA,New Logo,identity,AE,,AE - Hugo Park,190000,Closed Lost,Omitted,2025-11-22,2026-03-28,2026-03-28,2026-03-28,6,False,Passed,Not Started,Legal redlines,True,False,Build In-House,Competitor C (Check),
OPP-7076,ACC-1131,Cedar Valley Community Bank,bank_community,NA,New Logo,check,Partner,CSI,AE - Iris Bell,46000,5 - Negotiate & Contract,Commit,2026-07-02,2026-10-17,2026-08-23,2026-09-30,7,False,N/A,In Progress,Security questionnaire,False,False,,Competitor B (IDV),
OPP-7077,ACC-1413,Keystone Rentals,marketplace,NA,New Logo,identity,AE,,AE - Grace Tan,140000,Closed Lost,Omitted,2026-02-08,2026-07-19,2026-07-19,2026-07-19,2,False,In Progress,Not Started,,True,False,Security / Compliance Blocker,Competitor B (IDV),
OPP-7078,ACC-1054,Meridian Rentals,marketplace,NA,New Logo,identity,AE,,AE - Grace Tan,49000,Closed Lost,Omitted,2025-10-25,2026-02-26,2026-02-26,2026-02-26,5,True,Not Started,In Progress,Pricing review,True,False,Timing / Budget,None known,
OPP-7079,ACC-1169,Crescent Pay,fintech,EMEA,New Logo,identity,AE,,AE - Klara Weiss,184000,Closed Lost,Omitted,2025-10-19,2026-04-27,2026-04-27,2026-04-27,5,True,Passed,Complete,Exec alignment call,True,False,Security / Compliance Blocker,None known,
OPP-7080,ACC-1284,Prairie First Exchange,marketplace,NA,New Logo,identity,AE,,AE - Hugo Park,55000,Closed Lost,Omitted,2025-11-22,2026-02-09,2026-02-09,2026-02-09,4,False,Not Started,In Progress,POC readout,True,False,No Decision / Status Quo,Competitor B (IDV),
OPP-7081,ACC-1086,Crescent Sportsbook,igaming,APAC,New Logo,identity,AE,,AE - Mei Lin,106000,Closed Lost,Omitted,2025-11-27,2026-03-19,2026-03-19,2026-03-19,3,False,Not Started,Complete,POC readout,True,False,Lost to Competitor,In-house build,
OPP-7082,ACC-1118,Silverline National Bank,bank_tier1,NA,New Logo,identity,AE,,AE - Iris Bell,441000,4 - Business Case & Security Review,Best Case,2026-02-26,2026-12-15,2026-08-30,2026-08-22,7,True,Not Started,In Progress,POC readout,False,False,,None known,
OPP-7083,ACC-1005,Blue Mesa Bet,igaming,NA,New Logo,identity,AE,,AE - Jon Reyes,142000,Closed Lost,Omitted,2026-04-10,2026-07-31,2026-07-31,2026-07-31,5,False,Passed,Complete,POC readout,True,False,Security / Compliance Blocker,Competitor C (Check),
OPP-7084,ACC-1226,Oakmont Bancshares,bank_regional,NA,New Logo,identity,AE,,AE - Hugo Park,126000,4 - Business Case & Security Review,Best Case,2026-05-07,2026-09-01,2026-09-20,2026-09-19,3,True,Not Started,In Progress,,False,False,,In-house build,
OPP-7085,ACC-1227,Harborview Bank & Trust,bank_regional,NA,New Logo,check,AE,,AE - Iris Bell,199000,Closed Won,Closed,2026-03-28,2026-09-17,2026-09-17,2026-09-17,2,True,Not Started,Not Started,Pricing review,True,True,,Competitor B (IDV),
OPP-7086,ACC-1126,Blue Mesa Bank,bank_regional,NA,New Logo,identity,AE,,AE - Hugo Park,113000,Closed Lost,Omitted,2025-10-22,2026-02-03,2026-02-03,2026-02-03,6,False,N/A,Not Started,Security questionnaire,True,False,Build In-House,In-house build,
OPP-7087,ACC-1388,Union Square Rentals,marketplace,NA,New Logo,identity,AE,,AE - Grace Tan,40000,Closed Lost,Omitted,2026-01-01,2026-04-23,2026-04-23,2026-04-23,3,False,In Progress,Not Started,POC readout,True,False,No Decision / Status Quo,Competitor A (IDV),
OPP-7088,ACC-1383,Meridian State Bank,bank_community,NA,New Logo,identity,AE,,AE - Hugo Park,27000,4 - Business Case & Security Review,Commit,2026-07-03,2026-11-20,2026-08-20,2026-09-29,7,False,In Progress,Not Started,POC readout,False,False,,Competitor B (IDV),
OPP-7089,ACC-1047,Maple Leaf Wallet,fintech,APAC,New Logo,identity,AE,,AE - Mei Lin,175000,Closed Lost,Omitted,2026-04-09,2026-08-18,2026-08-18,2026-08-18,1,False,Passed,Not Started,,True,False,No Decision / Status Quo,In-house build,
OPP-7090,ACC-1341,Northgate Neo,fintech,NA,New Logo,identity,AE,,AE - Grace Tan,136000,Closed Lost,Omitted,2025-11-26,2026-03-02,2026-03-02,2026-03-02,5,True,Not Started,In Progress,Legal redlines,True,False,Integration Effort,Competitor C (Check),
OPP-7091,ACC-1286,Ironwood Financial Group,bank_tier1,NA,New Logo,identity,AE,,AE - Iris Bell,665000,5 - Negotiate & Contract,Best Case,2026-05-15,2026-10-12,2026-09-12,2026-09-13,3,True,Not Started,Complete,POC readout,False,False,,In-house build,
OPP-7092,ACC-1126,Blue Mesa Bank,bank_regional,NA,New Logo,check,AE,,AE - Hugo Park,225000,Closed Won,Closed,2026-03-01,2026-07-24,2026-07-24,2026-07-24,6,False,Not Started,In Progress,Exec alignment call,True,True,,Competitor B (IDV),
OPP-7093,ACC-1165,Highland Bet,igaming,NA,New Logo,identity,AE,,AE - Grace Tan,142000,Closed Lost,Omitted,2025-12-23,2026-05-06,2026-05-06,2026-05-06,7,False,Not Started,In Progress,Pricing review,True,False,Timing / Budget,In-house build,
OPP-7094,ACC-1091,Lakeshore Credit Union,credit_union,NA,New Logo,identity,Partner,CSI,AE - Grace Tan,64000,Closed Won,Closed,2026-04-27,2026-09-14,2026-09-14,2026-09-14,5,True,Not Started,Not Started,Pricing review,True,True,,Competitor B (IDV),
OPP-7095,ACC-1233,Sterling State Bank,bank_community,NA,New Logo,check,AE,,AE - Hugo Park,59000,Closed Lost,Omitted,2025-10-11,2025-12-18,2025-12-18,2025-12-18,3,False,Not Started,Not Started,Exec alignment call,True,False,No Decision / Status Quo,None known,
OPP-7096,ACC-1188,Keystone Credit Union,credit_union,NA,New Logo,check,Partner,CSI,AE - Grace Tan,60000,3 - Technical Validation,Best Case,2025-12-31,2026-07-09,2026-08-19,2026-09-30,5,False,N/A,Not Started,Pricing review,False,False,,None known,
OPP-7097,ACC-1096,Crescent Members CU,credit_union,NA,New Logo,check,AE,,AE - Hugo Park,62000,Closed Lost,Omitted,2026-05-23,2026-08-15,2026-08-15,2026-08-15,5,False,In Progress,In Progress,Exec alignment call,True,False,No Decision / Status Quo,None known,
OPP-7098,ACC-1293,Redwood Bank & Trust,bank_regional,NA,New Logo,identity,AE,,AE - Grace Tan,274000,Closed Lost,Omitted,2026-03-22,2026-06-14,2026-06-14,2026-06-14,4,True,In Progress,Not Started,POC readout,True,False,Price,Competitor C (Check),
OPP-7099,ACC-1117,Highland Play,igaming,NA,New Logo,identity,AE,,AE - Hugo Park,158000,Closed Won,Closed,2026-01-24,2026-04-15,2026-04-15,2026-04-15,6,True,N/A,Complete,Exec alignment call,True,True,,Competitor B (IDV),
OPP-7100,ACC-1309,Lakeshore Bank,bank_regional,NA,New Logo,check,AE,,AE - Iris Bell,152000,Closed Lost,Omitted,2026-06-02,2026-09-26,2026-09-26,2026-09-26,4,True,In Progress,Not Started,Legal redlines,True,False,Build In-House,Competitor A (IDV),
OPP-7101,ACC-1306,Falcon Federal Credit Union,credit_union,NA,New Logo,check,AE,,AE - Iris Bell,31000,4 - Business Case & Security Review,Best Case,2025-11-21,2026-04-16,2026-08-17,2026-09-29,4,False,N/A,Complete,POC readout,False,False,,Competitor A (IDV),
OPP-7102,ACC-1316,Maple Leaf Pay,fintech,NA,New Logo,identity,AE,,AE - Jon Reyes,103000,5 - Negotiate & Contract,Commit,2026-03-03,2026-07-10,2026-09-07,2026-09-13,6,False,In Progress,Complete,Legal redlines,False,False,,Competitor B (IDV),
OPP-7103,ACC-1058,Tidewater Market,marketplace,NA,New Logo,identity,AE,,AE - Hugo Park,72000,Closed Won,Closed,2025-12-10,2026-03-08,2026-03-08,2026-03-08,5,True,Passed,Complete,Exec alignment call,True,True,,Competitor B (IDV),
OPP-7104,ACC-1440,Union Square State Bank,bank_community,NA,New Logo,check,AE,,AE - Iris Bell,65000,Closed Lost,Omitted,2026-05-16,2026-09-15,2026-09-15,2026-09-15,6,True,Not Started,In Progress,Pricing review,True,False,Champion Left,In-house build,
OPP-7105,ACC-1279,Arbor Exchange,marketplace,NA,New Logo,identity,AE,,AE - Iris Bell,100000,Closed Won,Closed,2025-10-12,2026-02-26,2026-02-26,2026-02-26,5,True,Passed,In Progress,Legal redlines,True,True,,In-house build,
OPP-7106,ACC-1114,Keystone Wallet,fintech,NA,New Logo,identity,AE,,AE - Iris Bell,184000,2 - Discovery,Pipeline,2026-08-08,2027-02-02,2026-09-12,2026-09-06,1,True,Not Started,Not Started,Legal redlines,False,False,,Competitor B (IDV),
OPP-7107,ACC-1313,Tidewater Savings Bank,bank_community,NA,New Logo,check,Partner,Abrigo,AE - Jon Reyes,38000,5 - Negotiate & Contract,Commit,2026-07-01,2026-10-06,2026-08-21,2026-08-22,3,True,Not Started,In Progress,Exec alignment call,False,False,,None known,
OPP-7108,ACC-1018,Pinecrest Bank,bank_regional,EMEA,Expansion,identity,AE,,AE - Klara Weiss,146000,Closed Won,Closed,2025-12-23,2026-02-26,2026-02-26,2026-02-26,4,True,Passed,Complete,Security questionnaire,True,True,,Competitor A (IDV),
OPP-7109,ACC-1305,Lakeshore Wallet,fintech,NA,New Logo,identity,AE,,AE - Hugo Park,179000,Closed Lost,Omitted,2025-11-23,2026-01-22,2026-01-22,2026-01-22,5,False,N/A,In Progress,Exec alignment call,True,False,Lost to Competitor,Competitor A (IDV),
OPP-7110,ACC-1322,Sterling Lend,fintech,NA,New Logo,identity,AE,,AE - Hugo Park,115000,3 - Technical Validation,Best Case,2026-03-27,2026-09-24,2026-09-27,2026-09-30,1,True,Not Started,Not Started,Pricing review,False,False,,Competitor C (Check),
OPP-7111,ACC-1438,Clearwater Members CU,credit_union,NA,New Logo,identity,Partner,CSI,AE - Grace Tan,60000,1 - Qualify,Pipeline,2026-09-13,2027-02-10,2026-09-06,2026-09-23,1,False,Not Started,Not Started,Legal redlines,False,False,,Competitor C (Check),
OPP-7112,ACC-1113,Clearwater Health,adjacent_regulated,NA,New Logo,identity,AE,,AE - Grace Tan,118000,5 - Negotiate & Contract,Commit,2026-05-13,2026-10-13,2026-08-13,2026-09-06,3,True,Not Started,Complete,Pricing review,False,False,,None known,
OPP-7113,ACC-1377,Sterling Wallet,fintech,NA,New Logo,identity,AE,,AE - Iris Bell,46000,Closed Won,Closed,2025-10-18,2026-03-15,2026-03-15,2026-03-15,2,True,Passed,In Progress,Security questionnaire,True,True,,Competitor A (IDV),
OPP-7114,ACC-1080,Oakmont Pay,fintech,EMEA,New Logo,identity,AE,,AE - Liam Byrne,147000,5 - Negotiate & Contract,Best Case,2026-08-04,2026-10-09,2026-08-26,2026-09-13,4,True,In Progress,In Progress,Pricing review,False,False,,Competitor C (Check),
OPP-7115,ACC-1085,Summit Ridge Neo,fintech,NA,New Logo,identity,AE,,AE - Hugo Park,61000,Closed Lost,Omitted,2025-12-04,2026-06-09,2026-06-09,2026-06-09,5,False,In Progress,Not Started,,True,False,No Decision / Status Quo,Competitor B (IDV),
OPP-7116,ACC-1004,Union Square National Bank,bank_tier1,NA,Expansion,identity,AE,,AE - Jon Reyes,428000,5 - Negotiate & Contract,Commit,2026-03-19,2026-11-15,2026-09-11,2026-09-06,3,True,Passed,Complete,Security questionnaire,False,False,,Competitor A (IDV),
OPP-7117,ACC-1213,Blue Mesa Savings Bank,bank_community,NA,New Logo,check,Partner,Abrigo,AE - Jon Reyes,40000,2 - Discovery,Pipeline,2026-08-02,2027-01-27,2026-09-10,2026-09-30,7,True,Not Started,Not Started,POC readout,False,False,,Competitor B (IDV),
OPP-7118,ACC-1167,Crescent Credit Union,credit_union,NA,New Logo,check,AE,,AE - Grace Tan,30000,Closed Lost,Omitted,2026-03-20,2026-08-25,2026-08-25,2026-08-25,7,False,Not Started,Complete,POC readout,True,False,Build In-House,Competitor B (IDV),
OPP-7119,ACC-1449,Falcon Financial Group,bank_tier1,NA,Expansion,identity,AE,,AE - Hugo Park,440000,1 - Qualify,Pipeline,2026-08-24,2027-03-18,2026-08-20,2026-08-22,4,False,Not Started,Not Started,Legal redlines,False,False,,None known,
OPP-7120,ACC-1185,Pinecrest Federal Credit Union,credit_union,NA,New Logo,identity,Partner,Abrigo,AE - Grace Tan,28000,2 - Discovery,Pipeline,2026-09-11,2026-12-03,2026-09-24,2026-09-13,7,True,Not Started,Not Started,Security questionnaire,False,False,,Competitor C (Check),
OPP-7121,ACC-1282,Crescent County Services,adjacent_regulated,NA,New Logo,identity,AE,,AE - Iris Bell,85000,Closed Lost,Omitted,2026-04-07,2026-08-07,2026-08-07,2026-08-07,1,True,N/A,In Progress,Pricing review,True,False,No Decision / Status Quo,Competitor A (IDV),
OPP-7122,ACC-1132,Evergreen Bancorp,bank_tier1,NA,New Logo,check,AE,,AE - Jon Reyes,482000,Closed Won,Closed,2026-04-06,2026-09-15,2026-09-15,2026-09-15,7,True,Not Started,In Progress,Legal redlines,True,True,,Competitor C (Check),
OPP-7123,ACC-1264,Granite Peak Hub,marketplace,NA,New Logo,identity,AE,,AE - Hugo Park,65000,Closed Lost,Omitted,2026-01-11,2026-07-08,2026-07-08,2026-07-08,5,True,Not Started,Complete,Exec alignment call,True,False,Price,In-house build,
OPP-7124,ACC-1043,Summit Ridge State Bank,bank_community,NA,Expansion,check,Partner,Fiserv,AE - Jon Reyes,24000,Closed Lost,Omitted,2026-01-11,2026-05-21,2026-05-21,2026-05-21,2,False,In Progress,Not Started,Legal redlines,True,False,No Decision / Status Quo,Competitor C (Check),
OPP-7125,ACC-1251,Ironwood County Services,adjacent_regulated,NA,New Logo,identity,AE,,AE - Iris Bell,58000,Closed Lost,Omitted,2026-01-03,2026-03-12,2026-03-12,2026-03-12,2,True,In Progress,In Progress,Legal redlines,True,False,Build In-House,In-house build,
OPP-7126,ACC-1030,Blue Mesa Money,fintech,NA,New Logo,identity,AE,,AE - Jon Reyes,195000,Closed Lost,Omitted,2025-11-21,2026-03-10,2026-03-10,2026-03-10,6,True,N/A,Not Started,Pricing review,True,False,Security / Compliance Blocker,In-house build,
OPP-7127,ACC-1344,Ironwood Money,fintech,NA,New Logo,identity,AE,,AE - Iris Bell,80000,Closed Lost,Omitted,2025-11-03,2026-04-25,2026-04-25,2026-04-25,2,False,Not Started,Complete,Legal redlines,True,False,No Decision / Status Quo,In-house build,
OPP-7128,ACC-1016,Redwood Bancshares,bank_regional,NA,Expansion,identity,AE,,AE - Iris Bell,99000,Closed Lost,Omitted,2025-10-19,2026-03-05,2026-03-05,2026-03-05,4,True,In Progress,Not Started,Legal redlines,True,False,Security / Compliance Blocker,Competitor B (IDV),
OPP-7129,ACC-1347,Crescent Bancshares,bank_regional,APAC,New Logo,identity,AE,,AE - Mei Lin,226000,5 - Negotiate & Contract,Commit,2026-04-28,2026-10-31,2026-08-29,2026-08-22,2,False,N/A,Complete,POC readout,False,False,,In-house build,
OPP-7130,ACC-1326,Arbor State Bank,bank_community,NA,New Logo,identity,AE,,AE - Grace Tan,65000,Closed Lost,Omitted,2026-04-08,2026-09-03,2026-09-03,2026-09-03,5,True,In Progress,Not Started,,True,False,Integration Effort,None known,
OPP-7131,ACC-1430,Ironwood Bank & Trust,bank_regional,NA,New Logo,check,AE,,AE - Grace Tan,182000,2 - Discovery,Pipeline,2026-07-26,2027-01-16,2026-08-21,2026-09-06,3,True,Not Started,Not Started,Security questionnaire,False,False,,Competitor B (IDV),
OPP-7132,ACC-1433,Summit Ridge Wallet,fintech,APAC,New Logo,identity,AE,,AE - Mei Lin,205000,4 - Business Case & Security Review,Best Case,2026-07-25,2026-10-29,2026-09-17,2026-09-13,3,False,In Progress,Complete,Legal redlines,False,False,,Competitor C (Check),
OPP-7133,ACC-1064,Copper State Gaming,igaming,NA,New Logo,identity,AE,,AE - Grace Tan,77000,Closed Lost,Omitted,2025-11-12,2026-02-10,2026-02-10,2026-02-10,1,True,In Progress,Complete,Pricing review,True,False,Price,In-house build,
OPP-7134,ACC-1314,Clearwater Neo,fintech,NA,Expansion,identity,AE,,AE - Grace Tan,102000,Closed Lost,Omitted,2025-11-10,2026-03-30,2026-03-30,2026-03-30,7,True,N/A,In Progress,Security questionnaire,True,False,Lost to Competitor,None known,
OPP-7135,ACC-1182,Cedar Valley Money,fintech,EMEA,New Logo,identity,AE,,AE - Liam Byrne,141000,Closed Won,Closed,2025-12-15,2026-04-13,2026-04-13,2026-04-13,4,False,Not Started,Complete,Exec alignment call,True,True,,Competitor C (Check),
OPP-7136,ACC-1442,Silverline Neo,fintech,NA,New Logo,identity,AE,,AE - Grace Tan,97000,2 - Discovery,Pipeline,2026-09-08,2026-11-24,2026-09-23,2026-09-26,4,True,Not Started,Not Started,,False,False,,Competitor A (IDV),
OPP-7137,ACC-1311,Harborview Credit Union,credit_union,NA,New Logo,identity,AE,,AE - Grace Tan,34000,Closed Lost,Omitted,2025-12-04,2026-03-22,2026-03-22,2026-03-22,2,False,Not Started,Not Started,Exec alignment call,True,False,Lost to Competitor,Competitor A (IDV),
OPP-7138,ACC-1082,Sterling Pay,fintech,NA,New Logo,identity,AE,,AE - Jon Reyes,78000,Closed Lost,Omitted,2026-03-03,2026-07-05,2026-07-05,2026-07-05,4,True,In Progress,In Progress,,True,False,,None known,
OPP-7139,ACC-1402,Bayfront Bank & Trust,bank_regional,NA,New Logo,check,AE,,AE - Jon Reyes,212000,Closed Lost,Omitted,2026-03-28,2026-06-25,2026-06-25,2026-06-25,2,False,Not Started,In Progress,Security questionnaire,True,False,No Decision / Status Quo,Competitor A (IDV),
OPP-7140,ACC-1259,Highland Bancshares,bank_regional,NA,Expansion,identity,AE,,AE - Iris Bell,112000,1 - Qualify,Pipeline,2026-09-06,2027-03-05,2026-08-30,2026-09-28,7,True,Not Started,Not Started,Exec alignment call,False,False,,None known,
OPP-7141,ACC-1062,Westfield Members CU,credit_union,NA,Expansion,identity,AE,,AE - Grace Tan,24000,Closed Won,Closed,2026-04-13,2026-09-12,2026-09-12,2026-09-12,7,True,In Progress,Complete,Pricing review,True,True,,In-house build,
OPP-7142,ACC-1233,Sterling State Bank,bank_community,NA,New Logo,check,Partner,Fiserv,AE - Grace Tan,38000,Closed Won,Closed,2025-10-03,2026-01-23,2026-01-23,2026-01-23,3,True,N/A,In Progress,POC readout,True,True,,In-house build,
OPP-7143,ACC-1193,Meridian Members CU,credit_union,NA,New Logo,identity,AE,,AE - Hugo Park,33000,Closed Lost,Omitted,2026-07-02,2026-09-05,2026-09-05,2026-09-05,3,False,Not Started,In Progress,,True,False,Price,None known,
OPP-7144,ACC-1240,Maple Leaf Members CU,credit_union,NA,New Logo,identity,Partner,CSI,AE - Iris Bell,59000,Closed Won,Closed,2026-01-15,2026-06-12,2026-06-12,2026-06-12,6,True,In Progress,Not Started,Legal redlines,True,True,,None known,
OPP-7145,ACC-1027,Northgate Money,fintech,NA,New Logo,identity,AE,,AE - Grace Tan,129000,Closed Lost,Omitted,2026-05-03,2026-08-07,2026-08-07,2026-08-07,7,False,In Progress,Not Started,Security questionnaire,True,False,Security / Compliance Blocker,None known,
OPP-7146,ACC-1359,Arbor Lend,fintech,NA,New Logo,identity,AE,,AE - Jon Reyes,122000,Closed Lost,Omitted,2026-06-18,2026-09-23,2026-09-23,2026-09-23,3,False,In Progress,In Progress,,True,False,Security / Compliance Blocker,Competitor B (IDV),
OPP-7147,ACC-1153,Arbor Members CU,credit_union,NA,Expansion,check,AE,,AE - Grace Tan,28000,Closed Lost,Omitted,2026-01-09,2026-07-22,2026-07-22,2026-07-22,1,False,In Progress,In Progress,Legal redlines,True,False,,Competitor C (Check),
OPP-7148,ACC-1292,Tidewater Bancorp,bank_tier1,NA,New Logo,identity,AE,,AE - Hugo Park,836000,4 - Business Case & Security Review,Best Case,2026-06-25,2026-11-14,2026-09-16,2026-09-26,4,True,N/A,In Progress,Pricing review,False,False,,Competitor C (Check),
OPP-7149,ACC-1009,Sterling Exchange,marketplace,LATAM,New Logo,identity,AE,,AE - Nico Duarte,46000,Closed Won,Closed,2026-02-06,2026-07-16,2026-07-16,2026-07-16,5,True,Not Started,Not Started,Pricing review,True,True,,Competitor C (Check),
OPP-7150,ACC-1081,Lakeshore Community Bank,bank_community,NA,New Logo,identity,Partner,Fiserv,AE - Iris Bell,69000,Closed Lost,Omitted,2026-03-28,2026-06-05,2026-06-05,2026-06-05,7,True,N/A,In Progress,,True,False,Security / Compliance Blocker,Competitor A (IDV),
OPP-7151,ACC-1154,Stonebridge Members CU,credit_union,NA,Expansion,identity,Partner,,AE - Hugo Park,21000,Closed Won,Closed,2026-02-21,2026-07-13,2026-07-13,2026-07-13,6,True,Not Started,Not Started,Legal redlines,True,True,,Competitor B (IDV),
OPP-7152,ACC-1179,Ironwood Gaming,igaming,NA,New Logo,identity,AE,,AE - Jon Reyes,193000,Closed Won,Closed,2025-11-20,2026-05-28,2026-05-28,2026-05-28,2,False,In Progress,Complete,Security questionnaire,True,True,,In-house build,
OPP-7153,ACC-1336,Silverline Sportsbook,igaming,NA,New Logo,identity,AE,,AE - Hugo Park,81000,Closed Lost,Omitted,2026-04-27,2026-07-20,2026-07-20,2026-07-20,1,False,In Progress,In Progress,,True,False,Price,Competitor B (IDV),
OPP-7154,ACC-1312,Bayfront Federal Credit Union,credit_union,NA,New Logo,identity,Partner,Fiserv,AE - Jon Reyes,34000,4 - Business Case & Security Review,Commit,2026-08-15,2026-10-27,2026-08-27,2026-09-13,4,True,In Progress,Not Started,POC readout,False,False,,In-house build,
OPP-7155,ACC-1449,Falcon Financial Group,bank_tier1,NA,Expansion,identity,AE,,AE - Iris Bell,234000,Closed Won,Closed,2025-10-18,2026-07-18,2026-07-18,2026-07-18,4,False,In Progress,In Progress,Legal redlines,True,True,,Competitor B (IDV),
OPP-7156,ACC-1017,Northgate State Bank,bank_community,NA,Expansion,identity,AE,,AE - Hugo Park,13000,3 - Technical Validation,Best Case,2025-10-06,2025-12-18,2026-09-29,2026-09-06,2,True,N/A,Not Started,,False,False,,None known,
OPP-7157,ACC-1434,Tidewater County Services,adjacent_regulated,NA,New Logo,identity,AE,,AE - Jon Reyes,89000,Closed Lost,Omitted,2025-10-18,2026-01-10,2026-01-10,2026-01-10,1,True,Not Started,Complete,POC readout,True,False,Security / Compliance Blocker,In-house build,
OPP-7158,ACC-1110,Clearwater Lend,fintech,NA,New Logo,identity,AE,,AE - Jon Reyes,44000,Closed Lost,Omitted,2025-12-01,2026-05-25,2026-05-25,2026-05-25,3,False,Not Started,Complete,Exec alignment call,True,False,Integration Effort,Competitor C (Check),
OPP-7159,ACC-1272,Riverbend Pay,fintech,EMEA,New Logo,identity,AE,,AE - Klara Weiss,122000,4 - Business Case & Security Review,Best Case,2025-10-04,2026-01-14,2026-08-11,2026-09-28,4,True,Passed,Not Started,,False,False,,Competitor B (IDV),
OPP-7160,ACC-1226,Oakmont Bancshares,bank_regional,NA,Expansion,identity,AE,,AE - Jon Reyes,60000,Closed Lost,Omitted,2025-10-08,2026-04-13,2026-04-13,2026-04-13,3,False,N/A,Not Started,Exec alignment call,True,False,Lost to Competitor,Competitor A (IDV),
OPP-7161,ACC-1121,Sterling Money,fintech,NA,New Logo,identity,AE,,AE - Jon Reyes,73000,1 - Qualify,Pipeline,2026-09-11,2027-02-07,2026-09-22,2026-09-06,3,True,Not Started,Not Started,,False,False,,Competitor B (IDV),
OPP-7162,ACC-1267,Crescent State Bank,bank_community,NA,New Logo,check,AE,,AE - Iris Bell,57000,2 - Discovery,Commit,2026-08-05,2027-02-16,2026-08-09,2026-09-19,6,True,Not Started,Not Started,,False,False,,Competitor C (Check),
OPP-7163,ACC-1020,Redwood National Bank,bank_tier1,NA,New Logo,check,AE,,AE - Jon Reyes,319000,Closed Lost,Omitted,2025-12-07,2026-05-23,2026-05-23,2026-05-23,5,False,Passed,Complete,Legal redlines,True,False,No Decision / Status Quo,Competitor B (IDV),
OPP-7164,ACC-1236,Cedar Valley Federal Credit Union,credit_union,NA,Expansion,identity,AE,,AE - Iris Bell,30000,Closed Lost,Omitted,2026-02-08,2026-06-19,2026-06-19,2026-06-19,4,True,Passed,In Progress,Legal redlines,True,False,No Decision / Status Quo,Competitor A (IDV),
OPP-7165,ACC-1432,Ironwood Savings Bank,bank_community,NA,Expansion,identity,AE,,AE - Jon Reyes,34000,Closed Lost,Omitted,2026-01-27,2026-08-11,2026-08-11,2026-08-11,1,False,Passed,Not Started,,True,False,Price,None known,
OPP-7166,ACC-1333,Summit Ridge Pay,fintech,NA,New Logo,identity,AE,,AE - Iris Bell,208000,3 - Technical Validation,Best Case,2026-06-28,2026-12-12,2026-08-08,2026-09-26,2,True,In Progress,Not Started,Security questionnaire,False,False,,Competitor B (IDV),
OPP-7167,ACC-1297,Oakmont State Bank,bank_community,NA,New Logo,check,Partner,Fiserv,AE - Grace Tan,48000,Closed Won,Closed,2026-05-12,2026-08-11,2026-08-11,2026-08-11,5,True,In Progress,Not Started,POC readout,True,True,,Competitor B (IDV),
OPP-7168,ACC-1429,Highland Mutual,adjacent_regulated,APAC,New Logo,identity,AE,,AE - Mei Lin,97000,4 - Business Case & Security Review,Best Case,2026-06-09,2026-12-07,2026-08-13,2026-09-26,3,False,Not Started,Not Started,,False,False,,Competitor A (IDV),
OPP-7169,ACC-1304,Evergreen Credit Union,credit_union,NA,Expansion,identity,Partner,CSI,AE - Grace Tan,32000,Closed Lost,Omitted,2026-04-11,2026-08-12,2026-08-12,2026-08-12,5,True,Not Started,In Progress,,True,False,Security / Compliance Blocker,None known,
OPP-7170,ACC-1001,Meridian Market,marketplace,NA,New Logo,identity,AE,,AE - Jon Reyes,133000,Closed Won,Closed,2025-10-12,2025-12-23,2025-12-23,2025-12-23,5,False,In Progress,In Progress,Legal redlines,True,True,,Competitor B (IDV),
OPP-7171,ACC-1392,Stonebridge Health,adjacent_regulated,EMEA,New Logo,identity,AE,,AE - Liam Byrne,115000,4 - Business Case & Security Review,Commit,2026-06-30,2026-11-17,2026-09-30,2026-08-22,4,False,Passed,Complete,Exec alignment call,False,False,,None known,
OPP-7172,ACC-1319,Stonebridge Mutual,adjacent_regulated,NA,New Logo,identity,AE,,AE - Iris Bell,73000,Closed Lost,Omitted,2026-05-06,2026-08-10,2026-08-10,2026-08-10,2,True,In Progress,Not Started,Exec alignment call,True,False,Champion Left,None known,
OPP-7173,ACC-1419,Westfield Health,adjacent_regulated,NA,New Logo,identity,AE,,AE - Iris Bell,116000,Closed Lost,Omitted,2026-02-03,2026-04-15,2026-04-15,2026-04-15,1,True,Passed,In Progress,Legal redlines,True,False,No Decision / Status Quo,Competitor A (IDV),
OPP-7174,ACC-1179,Ironwood Gaming,igaming,NA,New Logo,identity,AE,,AE - Hugo Park,196000,Closed Lost,Omitted,2025-12-16,2026-03-12,2026-03-12,2026-03-12,3,False,Passed,In Progress,Pricing review,True,False,Lost to Competitor,Competitor A (IDV),
OPP-7175,ACC-1185,Pinecrest Federal Credit Union,credit_union,NA,New Logo,identity,AE,,AE - Grace Tan,47000,Closed Won,Closed,2026-04-11,2026-07-19,2026-07-19,2026-07-19,6,True,Not Started,Not Started,Security questionnaire,True,True,,In-house build,
