opportunity_id,field,old_value,new_value,changed_date
OPP-7000,StageName,1 - Qualify,2 - Discovery,2026-05-26
OPP-7000,CloseDate,2026-07-25,2026-08-08,2026-07-21
OPP-7000,StageName,2 - Discovery,Closed Lost,2026-08-08
OPP-7001,StageName,1 - Qualify,2 - Discovery,2026-05-11
OPP-7001,StageName,2 - Discovery,3 - Technical Validation,2026-06-11
OPP-7001,StageName,3 - Technical Validation,4 - Business Case & Security Review,2026-07-28
OPP-7001,CloseDate,2026-08-29,2026-09-28,2026-08-25
OPP-7001,CloseDate,2026-09-28,2026-10-12,2026-09-21
OPP-7001,CloseDate,2026-10-12,2026-10-19,2026-09-23
OPP-7001,StageName,4 - Business Case & Security Review,5 - Negotiate & Contract,2026-09-24
OPP-7002,StageName,1 - Qualify,2 - Discovery,2026-08-10
OPP-7002,StageName,2 - Discovery,Closed Lost,2026-09-09
OPP-7003,StageName,1 - Qualify,2 - Discovery,2026-04-20
OPP-7003,CloseDate,2026-05-13,2026-06-03,2026-05-11
OPP-7003,StageName,2 - Discovery,3 - Technical Validation,2026-05-23
OPP-7003,CloseDate,2026-06-03,2026-07-03,2026-06-03
OPP-7003,CloseDate,2026-07-03,2026-08-02,2026-07-02
OPP-7003,StageName,3 - Technical Validation,Closed Lost,2026-08-02
OPP-7004,StageName,1 - Qualify,2 - Discovery,2026-08-04
OPP-7004,StageName,2 - Discovery,3 - Technical Validation,2026-08-15
OPP-7004,CloseDate,2026-08-24,2026-08-31,2026-08-20
OPP-7004,CloseDate,2026-08-31,2026-10-15,2026-08-26
OPP-7004,StageName,3 - Technical Validation,4 - Business Case & Security Review,2026-08-26
OPP-7004,StageName,4 - Business Case & Security Review,5 - Negotiate & Contract,2026-09-07
OPP-7005,StageName,1 - Qualify,2 - Discovery,2026-07-19
OPP-7005,StageName,2 - Discovery,3 - Technical Validation,2026-08-13
OPP-7005,StageName,3 - Technical Validation,4 - Business Case & Security Review,2026-09-07
OPP-7006,StageName,1 - Qualify,2 - Discovery,2026-05-30
OPP-7006,CloseDate,2026-06-24,2026-07-15,2026-06-22
OPP-7006,StageName,2 - Discovery,3 - Technical Validation,2026-06-22
OPP-7006,StageName,3 - Technical Validation,Closed Lost,2026-07-15
OPP-7007,StageName,1 - Qualify,2 - Discovery,2026-03-07
OPP-7007,StageName,2 - Discovery,3 - Technical Validation,2026-04-04
OPP-7007,StageName,3 - Technical Validation,4 - Business Case & Security Review,2026-04-24
OPP-7007,CloseDate,2026-05-14,2026-05-28,2026-05-04
OPP-7007,StageName,4 - Business Case & Security Review,5 - Negotiate & Contract,2026-05-14
OPP-7007,StageName,5 - Negotiate & Contract,Closed Won,2026-05-28
OPP-7008,StageName,1 - Qualify,2 - Discovery,2026-03-16
OPP-7008,StageName,2 - Discovery,3 - Technical Validation,2026-03-29
OPP-7008,CloseDate,2026-04-26,2026-06-25,2026-04-21
OPP-7008,StageName,3 - Technical Validation,4 - Business Case & Security Review,2026-04-22
OPP-7008,StageName,4 - Business Case & Security Review,5 - Negotiate & Contract,2026-05-23
OPP-7008,StageName,5 - Negotiate & Contract,Closed Lost,2026-06-25
OPP-7009,StageName,1 - Qualify,2 - Discovery,2026-05-15
OPP-7009,StageName,2 - Discovery,3 - Technical Validation,2026-06-15
OPP-7009,StageName,3 - Technical Validation,4 - Business Case & Security Review,2026-08-22
OPP-7010,StageName,1 - Qualify,2 - Discovery,2026-06-14
OPP-7010,StageName,2 - Discovery,3 - Technical Validation,2026-07-08
OPP-7010,StageName,3 - Technical Validation,4 - Business Case & Security Review,2026-08-15
OPP-7010,StageName,4 - Business Case & Security Review,5 - Negotiate & Contract,2026-09-18
OPP-7012,StageName,1 - Qualify,2 - Discovery,2026-09-26
OPP-7013,StageName,1 - Qualify,2 - Discovery,2026-05-29
OPP-7013,StageName,2 - Discovery,3 - Technical Validation,2026-06-10
OPP-7013,StageName,3 - Technical Validation,4 - Business Case & Security Review,2026-07-11
OPP-7013,StageName,4 - Business Case & Security Review,5 - Negotiate & Contract,2026-07-20
OPP-7013,StageName,5 - Negotiate & Contract,Closed Lost,2026-07-26
OPP-7014,StageName,1 - Qualify,2 - Discovery,2026-07-15
OPP-7014,StageName,2 - Discovery,3 - Technical Validation,2026-08-15
OPP-7014,StageName,3 - Technical Validation,4 - Business Case & Security Review,2026-09-07
OPP-7015,StageName,1 - Qualify,2 - Discovery,2026-08-10
OPP-7015,CloseDate,2027-01-14,2027-01-28,2026-09-05
OPP-7016,StageName,1 - Qualify,2 - Discovery,2026-03-31
OPP-7016,StageName,2 - Discovery,3 - Technical Validation,2026-04-25
OPP-7016,StageName,3 - Technical Validation,Closed Lost,2026-06-12
OPP-7017,StageName,1 - Qualify,2 - Discovery,2026-02-11
OPP-7017,StageName,2 - Discovery,3 - Technical Validation,2026-03-02
OPP-7017,StageName,3 - Technical Validation,4 - Business Case & Security Review,2026-03-28
OPP-7017,StageName,4 - Business Case & Security Review,5 - Negotiate & Contract,2026-04-24
OPP-7017,CloseDate,2026-05-04,2026-05-11,2026-04-29
OPP-7017,StageName,5 - Negotiate & Contract,Closed Won,2026-05-11
OPP-7018,StageName,1 - Qualify,2 - Discovery,2026-07-28
OPP-7018,StageName,2 - Discovery,3 - Technical Validation,2026-08-05
OPP-7018,StageName,3 - Technical Validation,4 - Business Case & Security Review,2026-09-06
OPP-7019,StageName,1 - Qualify,2 - Discovery,2026-04-08
OPP-7019,StageName,2 - Discovery,3 - Technical Validation,2026-04-18
OPP-7019,StageName,3 - Technical Validation,4 - Business Case & Security Review,2026-05-06
OPP-7019,CloseDate,2026-05-16,2026-05-30,2026-05-14
OPP-7019,CloseDate,2026-05-30,2026-06-20,2026-05-28
OPP-7019,StageName,4 - Business Case & Security Review,5 - Negotiate & Contract,2026-06-11
OPP-7019,StageName,5 - Negotiate & Contract,Closed Lost,2026-06-20
OPP-7020,StageName,1 - Qualify,2 - Discovery,2026-04-05
OPP-7020,StageName,2 - Discovery,3 - Technical Validation,2026-04-20
OPP-7020,StageName,3 - Technical Validation,4 - Business Case & Security Review,2026-05-15
OPP-7020,StageName,4 - Business Case & Security Review,5 - Negotiate & Contract,2026-07-22
OPP-7020,StageName,5 - Negotiate & Contract,Closed Won,2026-07-31
OPP-7021,StageName,1 - Qualify,2 - Discovery,2026-06-21
OPP-7021,StageName,2 - Discovery,Closed Lost,2026-08-08
OPP-7022,StageName,1 - Qualify,2 - Discovery,2026-05-13
OPP-7022,StageName,2 - Discovery,3 - Technical Validation,2026-06-03
OPP-7022,StageName,3 - Technical Validation,4 - Business Case & Security Review,2026-07-10
OPP-7022,StageName,4 - Business Case & Security Review,5 - Negotiate & Contract,2026-08-11
OPP-7022,StageName,5 - Negotiate & Contract,Closed Won,2026-09-04
OPP-7023,CloseDate,2026-05-28,2026-07-27,2026-05-28
OPP-7023,StageName,1 - Qualify,Closed Lost,2026-07-27
OPP-7024,StageName,1 - Qualify,2 - Discovery,2026-08-01
OPP-7024,StageName,2 - Discovery,3 - Technical Validation,2026-08-20
OPP-7024,CloseDate,2026-10-11,2026-11-25,2026-08-27
OPP-7025,StageName,1 - Qualify,2 - Discovery,2026-08-06
OPP-7025,StageName,2 - Discovery,3 - Technical Validation,2026-08-19
OPP-7025,CloseDate,2026-12-07,2027-01-06,2026-09-18
OPP-7026,StageName,1 - Qualify,2 - Discovery,2026-09-10
OPP-7027,CloseDate,2026-06-25,2026-07-25,2026-06-24
OPP-7027,StageName,1 - Qualify,2 - Discovery,2026-07-12
OPP-7027,CloseDate,2026-07-25,2026-08-15,2026-07-17
OPP-7027,StageName,2 - Discovery,Closed Lost,2026-08-15
OPP-7028,StageName,1 - Qualify,2 - Discovery,2026-07-23
OPP-7028,StageName,2 - Discovery,3 - Technical Validation,2026-08-01
OPP-7028,StageName,3 - Technical Validation,4 - Business Case & Security Review,2026-09-05
OPP-7029,StageName,1 - Qualify,2 - Discovery,2026-07-28
OPP-7029,StageName,2 - Discovery,3 - Technical Validation,2026-08-07
OPP-7029,StageName,3 - Technical Validation,4 - Business Case & Security Review,2026-08-19
OPP-7030,StageName,1 - Qualify,2 - Discovery,2026-08-27
OPP-7030,StageName,2 - Discovery,3 - Technical Validation,2026-09-30
OPP-7031,StageName,1 - Qualify,2 - Discovery,2026-07-02
OPP-7031,StageName,2 - Discovery,3 - Technical Validation,2026-07-18
OPP-7031,StageName,3 - Technical Validation,4 - Business Case & Security Review,2026-08-12
OPP-7031,StageName,4 - Business Case & Security Review,Closed Lost,2026-09-08
OPP-7032,StageName,1 - Qualify,2 - Discovery,2026-05-10
OPP-7032,StageName,2 - Discovery,3 - Technical Validation,2026-06-10
OPP-7032,StageName,3 - Technical Validation,4 - Business Case & Security Review,2026-07-07
OPP-7032,StageName,4 - Business Case & Security Review,Closed Lost,2026-08-21
OPP-7033,StageName,1 - Qualify,2 - Discovery,2026-09-07
OPP-7033,StageName,2 - Discovery,3 - Technical Validation,2026-09-16
OPP-7034,StageName,1 - Qualify,2 - Discovery,2026-07-05
OPP-7034,CloseDate,2026-07-25,2026-09-08,2026-07-25
OPP-7034,StageName,2 - Discovery,Closed Lost,2026-09-08
OPP-7035,StageName,1 - Qualify,2 - Discovery,2026-06-28
OPP-7035,StageName,2 - Discovery,3 - Technical Validation,2026-08-16
OPP-7036,StageName,1 - Qualify,2 - Discovery,2026-02-19
OPP-7036,StageName,2 - Discovery,3 - Technical Validation,2026-03-09
OPP-7036,StageName,3 - Technical Validation,4 - Business Case & Security Review,2026-03-23
OPP-7036,StageName,4 - Business Case & Security Review,5 - Negotiate & Contract,2026-04-16
OPP-7036,StageName,5 - Negotiate & Contract,Closed Won,2026-04-26
OPP-7037,StageName,1 - Qualify,2 - Discovery,2026-03-02
OPP-7037,StageName,2 - Discovery,3 - Technical Validation,2026-04-04
OPP-7037,CloseDate,2026-04-17,2026-05-01,2026-04-14
OPP-7037,StageName,3 - Technical Validation,Closed Lost,2026-05-01
OPP-7038,StageName,1 - Qualify,2 - Discovery,2026-08-21
OPP-7038,StageName,2 - Discovery,3 - Technical Validation,2026-09-13
OPP-7039,StageName,1 - Qualify,2 - Discovery,2026-07-16
OPP-7039,StageName,2 - Discovery,3 - Technical Validation,2026-08-10
OPP-7039,CloseDate,2026-09-21,2026-11-05,2026-08-30
OPP-7039,StageName,3 - Technical Validation,4 - Business Case & Security Review,2026-09-30
OPP-7041,StageName,1 - Qualify,2 - Discovery,2026-04-03
OPP-7041,StageName,2 - Discovery,3 - Technical Validation,2026-05-31
OPP-7041,CloseDate,2026-06-25,2026-08-24,2026-06-21
OPP-7041,StageName,3 - Technical Validation,Closed Lost,2026-08-24
OPP-7042,StageName,1 - Qualify,2 - Discovery,2026-04-11
OPP-7042,CloseDate,2026-04-22,2026-06-06,2026-04-19
OPP-7042,StageName,2 - Discovery,3 - Technical Validation,2026-05-04
OPP-7042,StageName,3 - Technical Validation,4 - Business Case & Security Review,2026-06-03
OPP-7042,CloseDate,2026-06-06,2026-06-27,2026-06-04
OPP-7042,StageName,4 - Business Case & Security Review,Closed Lost,2026-06-27
OPP-7044,StageName,1 - Qualify,Closed Lost,2026-09-01
OPP-7045,StageName,1 - Qualify,2 - Discovery,2026-04-03
OPP-7045,StageName,2 - Discovery,3 - Technical Validation,2026-04-18
OPP-7045,StageName,3 - Technical Validation,4 - Business Case & Security Review,2026-09-01
OPP-7046,StageName,1 - Qualify,2 - Discovery,2026-07-09
OPP-7046,StageName,2 - Discovery,3 - Technical Validation,2026-08-12
OPP-7046,StageName,3 - Technical Validation,4 - Business Case & Security Review,2026-09-19
OPP-7047,CloseDate,2026-08-06,2026-08-20,2026-08-03
OPP-7047,StageName,1 - Qualify,Closed Lost,2026-08-20
OPP-7048,StageName,1 - Qualify,2 - Discovery,2026-06-29
OPP-7048,CloseDate,2026-09-16,2026-09-30,2026-09-12
OPP-7048,StageName,2 - Discovery,Closed Lost,2026-09-30
OPP-7049,StageName,1 - Qualify,2 - Discovery,2026-04-13
OPP-7049,CloseDate,2026-05-01,2026-06-15,2026-04-29
OPP-7049,StageName,2 - Discovery,Closed Lost,2026-06-15
OPP-7050,CloseDate,2026-07-12,2026-08-02,2026-06-30
OPP-7050,StageName,1 - Qualify,Closed Lost,2026-08-02
OPP-7051,StageName,1 - Qualify,2 - Discovery,2026-09-06
OPP-7052,StageName,1 - Qualify,2 - Discovery,2026-06-16
OPP-7052,StageName,2 - Discovery,3 - Technical Validation,2026-07-04
OPP-7052,StageName,3 - Technical Validation,Closed Lost,2026-08-19
OPP-7053,StageName,1 - Qualify,2 - Discovery,2026-06-19
OPP-7053,StageName,2 - Discovery,3 - Technical Validation,2026-07-11
OPP-7053,CloseDate,2026-07-17,2026-08-16,2026-07-14
OPP-7053,StageName,3 - Technical Validation,4 - Business Case & Security Review,2026-08-05
OPP-7053,CloseDate,2026-08-16,2026-08-30,2026-08-16
OPP-7053,CloseDate,2026-08-30,2026-09-20,2026-08-28
OPP-7053,StageName,4 - Business Case & Security Review,5 - Negotiate & Contract,2026-09-07
OPP-7053,StageName,5 - Negotiate & Contract,Closed Lost,2026-09-20
OPP-7054,StageName,1 - Qualify,Closed Lost,2026-06-25
OPP-7055,StageName,1 - Qualify,2 - Discovery,2026-05-31
OPP-7055,StageName,2 - Discovery,3 - Technical Validation,2026-06-11
OPP-7055,StageName,3 - Technical Validation,4 - Business Case & Security Review,2026-07-20
OPP-7055,StageName,4 - Business Case & Security Review,5 - Negotiate & Contract,2026-08-13
OPP-7055,CloseDate,2026-08-24,2026-10-08,2026-08-20
OPP-7057,StageName,1 - Qualify,2 - Discovery,2026-06-04
OPP-7057,StageName,2 - Discovery,3 - Technical Validation,2026-08-13
OPP-7059,StageName,1 - Qualify,2 - Discovery,2026-03-10
OPP-7059,CloseDate,2026-05-08,2026-05-29,2026-04-29
OPP-7059,StageName,2 - Discovery,Closed Lost,2026-05-29
OPP-7061,StageName,1 - Qualify,2 - Discovery,2026-07-09
OPP-7061,StageName,2 - Discovery,3 - Technical Validation,2026-07-22
OPP-7061,StageName,3 - Technical Validation,4 - Business Case & Security Review,2026-08-31
OPP-7062,StageName,1 - Qualify,2 - Discovery,2026-06-10
OPP-7062,StageName,2 - Discovery,3 - Technical Validation,2026-06-29
OPP-7062,StageName,3 - Technical Validation,4 - Business Case & Security Review,2026-07-31
OPP-7062,StageName,4 - Business Case & Security Review,5 - Negotiate & Contract,2026-08-25
OPP-7063,StageName,1 - Qualify,2 - Discovery,2026-09-04
OPP-7064,StageName,1 - Qualify,2 - Discovery,2026-07-25
OPP-7064,CloseDate,2026-08-18,2026-09-01,2026-08-15
OPP-7064,CloseDate,2026-09-01,2026-09-22,2026-08-30
OPP-7064,StageName,2 - Discovery,Closed Lost,2026-09-22
OPP-7065,StageName,1 - Qualify,2 - Discovery,2026-03-05
OPP-7065,StageName,2 - Discovery,3 - Technical Validation,2026-03-13
OPP-7065,StageName,3 - Technical Validation,4 - Business Case & Security Review,2026-04-02
OPP-7065,StageName,4 - Business Case & Security Review,5 - Negotiate & Contract,2026-04-22
OPP-7065,StageName,5 - Negotiate & Contract,Closed Won,2026-05-06
OPP-7066,StageName,1 - Qualify,2 - Discovery,2026-05-26
OPP-7066,StageName,2 - Discovery,3 - Technical Validation,2026-08-01
OPP-7066,CloseDate,2026-08-07,2026-09-06,2026-08-04
OPP-7066,CloseDate,2026-09-06,2026-09-27,2026-08-18
OPP-7066,StageName,3 - Technical Validation,Closed Lost,2026-09-27
OPP-7067,CloseDate,2026-06-07,2026-06-21,2026-06-04
OPP-7067,CloseDate,2026-06-21,2026-07-05,2026-06-16
OPP-7067,StageName,1 - Qualify,Closed Lost,2026-07-05
OPP-7068,StageName,1 - Qualify,2 - Discovery,2026-02-07
OPP-7068,StageName,2 - Discovery,3 - Technical Validation,2026-03-06
OPP-7068,StageName,3 - Technical Validation,4 - Business Case & Security Review,2026-04-26
OPP-7068,StageName,4 - Business Case & Security Review,5 - Negotiate & Contract,2026-05-16
OPP-7068,StageName,5 - Negotiate & Contract,Closed Lost,2026-06-14
OPP-7069,StageName,1 - Qualify,2 - Discovery,2026-03-18
OPP-7069,StageName,2 - Discovery,3 - Technical Validation,2026-03-31
OPP-7069,StageName,3 - Technical Validation,4 - Business Case & Security Review,2026-05-04
OPP-7069,StageName,4 - Business Case & Security Review,5 - Negotiate & Contract,2026-05-28
OPP-7069,CloseDate,2026-06-05,2026-06-12,2026-05-29
OPP-7069,StageName,5 - Negotiate & Contract,Closed Won,2026-06-12
OPP-7070,CloseDate,2026-05-23,2026-06-06,2026-05-22
OPP-7070,CloseDate,2026-06-06,2026-07-21,2026-06-03
OPP-7070,CloseDate,2026-07-21,2026-09-04,2026-07-17
OPP-7070,StageName,1 - Qualify,Closed Lost,2026-09-04
OPP-7071,StageName,1 - Qualify,2 - Discovery,2026-01-27
OPP-7071,CloseDate,2026-02-10,2026-03-03,2026-02-10
OPP-7071,StageName,2 - Discovery,3 - Technical Validation,2026-02-26
OPP-7071,CloseDate,2026-03-03,2026-05-02,2026-03-01
OPP-7071,StageName,3 - Technical Validation,4 - Business Case & Security Review,2026-04-06
OPP-7071,CloseDate,2026-05-02,2026-05-16,2026-04-24
OPP-7071,StageName,4 - Business Case & Security Review,5 - Negotiate & Contract,2026-05-01
OPP-7071,StageName,5 - Negotiate & Contract,Closed Lost,2026-05-16
OPP-7072,StageName,1 - Qualify,2 - Discovery,2026-08-13
OPP-7072,StageName,2 - Discovery,3 - Technical Validation,2026-08-20
OPP-7073,StageName,1 - Qualify,2 - Discovery,2026-02-08
OPP-7073,StageName,2 - Discovery,3 - Technical Validation,2026-02-25
OPP-7073,StageName,3 - Technical Validation,4 - Business Case & Security Review,2026-03-26
OPP-7073,StageName,4 - Business Case & Security Review,5 - Negotiate & Contract,2026-04-13
OPP-7073,StageName,5 - Negotiate & Contract,Closed Won,2026-04-29
OPP-7074,StageName,1 - Qualify,2 - Discovery,2025-10-21
OPP-7074,StageName,2 - Discovery,3 - Technical Validation,2025-11-15
OPP-7074,CloseDate,2025-11-27,2026-01-11,2025-11-22
OPP-7074,StageName,3 - Technical Validation,4 - Business Case & Security Review,2025-12-21
OPP-7074,CloseDate,2026-01-11,2026-02-01,2026-01-06
OPP-7074,CloseDate,2026-02-01,2026-03-18,2026-01-31
OPP-7074,StageName,4 - Business Case & Security Review,5 - Negotiate & Contract,2026-02-10
OPP-7074,StageName,5 - Negotiate & Contract,Closed Lost,2026-03-18
OPP-7075,StageName,1 - Qualify,2 - Discovery,2025-12-18
OPP-7075,CloseDate,2026-01-21,2026-03-07,2026-01-18
OPP-7075,StageName,2 - Discovery,3 - Technical Validation,2026-01-25
OPP-7075,CloseDate,2026-03-07,2026-03-28,2026-03-07
OPP-7075,StageName,3 - Technical Validation,Closed Lost,2026-03-28
OPP-7076,StageName,1 - Qualify,2 - Discovery,2026-07-10
OPP-7076,StageName,2 - Discovery,3 - Technical Validation,2026-07-22
OPP-7076,CloseDate,2026-08-05,2026-08-19,2026-07-31
OPP-7076,StageName,3 - Technical Validation,4 - Business Case & Security Review,2026-08-02
OPP-7076,CloseDate,2026-08-19,2026-09-02,2026-08-16
OPP-7076,StageName,4 - Business Case & Security Review,5 - Negotiate & Contract,2026-08-23
OPP-7076,CloseDate,2026-09-02,2026-10-17,2026-09-01
OPP-7077,StageName,1 - Qualify,2 - Discovery,2026-04-05
OPP-7077,StageName,2 - Discovery,3 - Technical Validation,2026-05-16
OPP-7077,StageName,3 - Technical Validation,Closed Lost,2026-07-19
OPP-7078,CloseDate,2025-11-07,2025-12-07,2025-11-03
OPP-7078,CloseDate,2025-12-07,2025-12-28,2025-12-05
OPP-7078,CloseDate,2025-12-28,2026-02-26,2025-12-28
OPP-7078,StageName,1 - Qualify,Closed Lost,2026-02-26
OPP-7079,CloseDate,2026-02-13,2026-03-30,2026-02-11
OPP-7079,CloseDate,2026-03-30,2026-04-13,2026-03-28
OPP-7079,CloseDate,2026-04-13,2026-04-27,2026-03-30
OPP-7079,StageName,1 - Qualify,Closed Lost,2026-04-27
OPP-7080,CloseDate,2026-01-19,2026-02-09,2026-01-02
OPP-7080,StageName,1 - Qualify,Closed Lost,2026-02-09
OPP-7081,CloseDate,2026-02-12,2026-02-26,2026-02-11
OPP-7081,CloseDate,2026-02-26,2026-03-19,2026-02-24
OPP-7081,StageName,1 - Qualify,Closed Lost,2026-03-19
OPP-7082,StageName,1 - Qualify,2 - Discovery,2026-03-21
OPP-7082,StageName,2 - Discovery,3 - Technical Validation,2026-05-22
OPP-7082,StageName,3 - Technical Validation,4 - Business Case & Security Review,2026-08-30
OPP-7083,StageName,1 - Qualify,2 - Discovery,2026-05-12
OPP-7083,StageName,2 - Discovery,Closed Lost,2026-07-31
OPP-7084,StageName,1 - Qualify,2 - Discovery,2026-05-29
OPP-7084,StageName,2 - Discovery,3 - Technical Validation,2026-07-19
OPP-7084,StageName,3 - Technical Validation,4 - Business Case & Security Review,2026-09-20
OPP-7085,StageName,1 - Qualify,2 - Discovery,2026-04-08
OPP-7085,StageName,2 - Discovery,3 - Technical Validation,2026-05-14
OPP-7085,StageName,3 - Technical Validation,4 - Business Case & Security Review,2026-07-22
OPP-7085,StageName,4 - Business Case & Security Review,5 - Negotiate & Contract,2026-08-13
OPP-7085,StageName,5 - Negotiate & Contract,Closed Won,2026-09-17
OPP-7086,StageName,1 - Qualify,2 - Discovery,2025-11-05
OPP-7086,StageName,2 - Discovery,3 - Technical Validation,2025-11-28
OPP-7086,StageName,3 - Technical Validation,Closed Lost,2026-02-03
OPP-7087,CloseDate,2026-02-08,2026-04-09,2026-02-07
OPP-7087,CloseDate,2026-04-09,2026-04-23,2026-03-22
OPP-7087,StageName,1 - Qualify,Closed Lost,2026-04-23
OPP-7088,StageName,1 - Qualify,2 - Discovery,2026-07-15
OPP-7088,StageName,2 - Discovery,3 - Technical Validation,2026-08-02
OPP-7088,StageName,3 - Technical Validation,4 - Business Case & Security Review,2026-08-20
OPP-7089,StageName,1 - Qualify,2 - Discovery,2026-04-16
OPP-7089,CloseDate,2026-05-05,2026-06-19,2026-05-04
OPP-7089,StageName,2 - Discovery,3 - Technical Validation,2026-05-04
OPP-7089,StageName,3 - Technical Validation,4 - Business Case & Security Review,2026-06-11
OPP-7089,CloseDate,2026-06-19,2026-08-18,2026-06-18
OPP-7089,StageName,4 - Business Case & Security Review,Closed Lost,2026-08-18
OPP-7090,CloseDate,2026-02-16,2026-03-02,2026-02-15
OPP-7090,StageName,1 - Qualify,Closed Lost,2026-03-02
OPP-7091,StageName,1 - Qualify,2 - Discovery,2026-06-05
OPP-7091,StageName,2 - Discovery,3 - Technical Validation,2026-06-28
OPP-7091,StageName,3 - Technical Validation,4 - Business Case & Security Review,2026-08-13
OPP-7091,StageName,4 - Business Case & Security Review,5 - Negotiate & Contract,2026-09-12
OPP-7092,StageName,1 - Qualify,2 - Discovery,2026-03-10
OPP-7092,StageName,2 - Discovery,3 - Technical Validation,2026-03-28
OPP-7092,StageName,3 - Technical Validation,4 - Business Case & Security Review,2026-05-13
OPP-7092,StageName,4 - Business Case & Security Review,5 - Negotiate & Contract,2026-07-09
OPP-7092,StageName,5 - Negotiate & Contract,Closed Won,2026-07-24
OPP-7093,StageName,1 - Qualify,2 - Discovery,2026-02-17
OPP-7093,StageName,2 - Discovery,Closed Lost,2026-05-06
OPP-7094,StageName,1 - Qualify,2 - Discovery,2026-05-13
OPP-7094,StageName,2 - Discovery,3 - Technical Validation,2026-06-04
OPP-7094,StageName,3 - Technical Validation,4 - Business Case & Security Review,2026-07-20
OPP-7094,StageName,4 - Business Case & Security Review,5 - Negotiate & Contract,2026-08-21
OPP-7094,CloseDate,2026-09-07,2026-09-14,2026-08-31
OPP-7094,StageName,5 - Negotiate & Contract,Closed Won,2026-09-14
OPP-7095,StageName,1 - Qualify,Closed Lost,2025-12-18
OPP-7096,StageName,1 - Qualify,2 - Discovery,2026-03-29
OPP-7096,StageName,2 - Discovery,3 - Technical Validation,2026-08-19
OPP-7097,CloseDate,2026-06-01,2026-07-16,2026-05-28
OPP-7097,StageName,1 - Qualify,2 - Discovery,2026-05-28
OPP-7097,StageName,2 - Discovery,3 - Technical Validation,2026-06-09
OPP-7097,CloseDate,2026-07-16,2026-08-15,2026-07-12
OPP-7097,StageName,3 - Technical Validation,4 - Business Case & Security Review,2026-07-31
OPP-7097,StageName,4 - Business Case & Security Review,Closed Lost,2026-08-15
OPP-7098,CloseDate,2026-04-15,2026-05-15,2026-04-11
OPP-7098,CloseDate,2026-05-15,2026-06-14,2026-05-12
OPP-7098,StageName,1 - Qualify,Closed Lost,2026-06-14
OPP-7099,StageName,1 - Qualify,2 - Discovery,2026-01-29
OPP-7099,StageName,2 - Discovery,3 - Technical Validation,2026-02-11
OPP-7099,StageName,3 - Technical Validation,4 - Business Case & Security Review,2026-03-08
OPP-7099,StageName,4 - Business Case & Security Review,5 - Negotiate & Contract,2026-04-01
OPP-7099,StageName,5 - Negotiate & Contract,Closed Won,2026-04-15
OPP-7100,CloseDate,2026-09-12,2026-09-26,2026-08-26
OPP-7100,StageName,1 - Qualify,Closed Lost,2026-09-26
OPP-7101,StageName,1 - Qualify,2 - Discovery,2025-12-26
OPP-7101,StageName,2 - Discovery,3 - Technical Validation,2026-03-28
OPP-7101,StageName,3 - Technical Validation,4 - Business Case & Security Review,2026-08-17
OPP-7102,StageName,1 - Qualify,2 - Discovery,2026-04-16
OPP-7102,StageName,2 - Discovery,3 - Technical Validation,2026-06-02
OPP-7102,CloseDate,2026-06-10,2026-07-10,2026-06-07
OPP-7102,StageName,3 - Technical Validation,4 - Business Case & Security Review,2026-07-25
OPP-7102,StageName,4 - Business Case & Security Review,5 - Negotiate & Contract,2026-09-07
OPP-7103,StageName,1 - Qualify,2 - Discovery,2025-12-21
OPP-7103,StageName,2 - Discovery,3 - Technical Validation,2026-01-10
OPP-7103,StageName,3 - Technical Validation,4 - Business Case & Security Review,2026-02-06
OPP-7103,StageName,4 - Business Case & Security Review,5 - Negotiate & Contract,2026-02-19
OPP-7103,StageName,5 - Negotiate & Contract,Closed Won,2026-03-08
OPP-7104,StageName,1 - Qualify,2 - Discovery,2026-07-10
OPP-7104,CloseDate,2026-09-01,2026-09-15,2026-08-06
OPP-7104,StageName,2 - Discovery,Closed Lost,2026-09-15
OPP-7105,StageName,1 - Qualify,2 - Discovery,2025-11-04
OPP-7105,StageName,2 - Discovery,3 - Technical Validation,2025-12-04
OPP-7105,StageName,3 - Technical Validation,4 - Business Case & Security Review,2026-01-18
OPP-7105,CloseDate,2026-02-12,2026-02-26,2026-02-07
OPP-7105,StageName,4 - Business Case & Security Review,5 - Negotiate & Contract,2026-02-12
OPP-7105,StageName,5 - Negotiate & Contract,Closed Won,2026-02-26
OPP-7106,StageName,1 - Qualify,2 - Discovery,2026-09-12
OPP-7107,StageName,1 - Qualify,2 - Discovery,2026-07-15
OPP-7107,StageName,2 - Discovery,3 - Technical Validation,2026-07-22
OPP-7107,StageName,3 - Technical Validation,4 - Business Case & Security Review,2026-08-04
OPP-7107,StageName,4 - Business Case & Security Review,5 - Negotiate & Contract,2026-08-21
OPP-7107,CloseDate,2026-09-06,2026-10-06,2026-09-02
OPP-7108,StageName,1 - Qualify,2 - Discovery,2025-12-26
OPP-7108,StageName,2 - Discovery,3 - Technical Validation,2026-01-09
OPP-7108,StageName,3 - Technical Validation,4 - Business Case & Security Review,2026-02-02
OPP-7108,StageName,4 - Business Case & Security Review,5 - Negotiate & Contract,2026-02-19
OPP-7108,StageName,5 - Negotiate & Contract,Closed Won,2026-02-26
OPP-7109,CloseDate,2025-12-11,2025-12-25,2025-12-06
OPP-7109,CloseDate,2025-12-25,2026-01-08,2025-12-13
OPP-7109,CloseDate,2026-01-08,2026-01-22,2025-12-25
OPP-7109,StageName,1 - Qualify,Closed Lost,2026-01-22
OPP-7110,StageName,1 - Qualify,2 - Discovery,2026-05-24
OPP-7110,CloseDate,2026-09-17,2026-09-24,2026-08-31
OPP-7110,StageName,2 - Discovery,3 - Technical Validation,2026-09-27
OPP-7112,StageName,1 - Qualify,2 - Discovery,2026-05-20
OPP-7112,StageName,2 - Discovery,3 - Technical Validation,2026-06-15
OPP-7112,StageName,3 - Technical Validation,4 - Business Case & Security Review,2026-07-26
OPP-7112,StageName,4 - Business Case & Security Review,5 - Negotiate & Contract,2026-08-13
OPP-7113,StageName,1 - Qualify,2 - Discovery,2025-11-06
OPP-7113,StageName,2 - Discovery,3 - Technical Validation,2025-11-30
OPP-7113,StageName,3 - Technical Validation,4 - Business Case & Security Review,2025-12-27
OPP-7113,StageName,4 - Business Case & Security Review,5 - Negotiate & Contract,2026-01-30
OPP-7113,CloseDate,2026-02-22,2026-03-15,2026-02-17
OPP-7113,StageName,5 - Negotiate & Contract,Closed Won,2026-03-15
OPP-7114,StageName,1 - Qualify,2 - Discovery,2026-08-06
OPP-7114,StageName,2 - Discovery,3 - Technical Validation,2026-08-10
OPP-7114,StageName,3 - Technical Validation,4 - Business Case & Security Review,2026-08-17
OPP-7114,StageName,4 - Business Case & Security Review,5 - Negotiate & Contract,2026-08-26
OPP-7115,StageName,1 - Qualify,2 - Discovery,2026-02-03
OPP-7115,CloseDate,2026-05-26,2026-06-09,2026-05-23
OPP-7115,StageName,2 - Discovery,Closed Lost,2026-06-09
OPP-7116,StageName,1 - Qualify,2 - Discovery,2026-05-12
OPP-7116,StageName,2 - Discovery,3 - Technical Validation,2026-06-14
OPP-7116,StageName,3 - Technical Validation,4 - Business Case & Security Review,2026-08-21
OPP-7116,StageName,4 - Business Case & Security Review,5 - Negotiate & Contract,2026-09-11
OPP-7117,StageName,1 - Qualify,2 - Discovery,2026-09-10
OPP-7118,StageName,1 - Qualify,2 - Discovery,2026-04-04
OPP-7118,StageName,2 - Discovery,3 - Technical Validation,2026-05-01
OPP-7118,StageName,3 - Technical Validation,4 - Business Case & Security Review,2026-06-13
OPP-7118,StageName,4 - Business Case & Security Review,5 - Negotiate & Contract,2026-07-20
OPP-7118,StageName,5 - Negotiate & Contract,Closed Lost,2026-08-25
OPP-7120,StageName,1 - Qualify,2 - Discovery,2026-09-24
OPP-7121,StageName,1 - Qualify,2 - Discovery,2026-05-11
OPP-7121,StageName,2 - Discovery,Closed Lost,2026-08-07
OPP-7122,StageName,1 - Qualify,2 - Discovery,2026-04-24
OPP-7122,StageName,2 - Discovery,3 - Technical Validation,2026-05-23
OPP-7122,StageName,3 - Technical Validation,4 - Business Case & Security Review,2026-06-27
OPP-7122,StageName,4 - Business Case & Security Review,5 - Negotiate & Contract,2026-08-17
OPP-7122,StageName,5 - Negotiate & Contract,Closed Won,2026-09-15
OPP-7123,CloseDate,2026-05-20,2026-06-03,2026-05-18
OPP-7123,CloseDate,2026-06-03,2026-06-24,2026-06-02
OPP-7123,CloseDate,2026-06-24,2026-07-08,2026-06-14
OPP-7123,StageName,1 - Qualify,Closed Lost,2026-07-08
OPP-7124,StageName,1 - Qualify,2 - Discovery,2026-03-10
OPP-7124,CloseDate,2026-05-07,2026-05-21,2026-04-26
OPP-7124,StageName,2 - Discovery,Closed Lost,2026-05-21
OPP-7125,CloseDate,2026-01-11,2026-03-12,2026-01-06
OPP-7125,StageName,1 - Qualify,2 - Discovery,2026-01-09
OPP-7125,StageName,2 - Discovery,3 - Technical Validation,2026-01-24
OPP-7125,StageName,3 - Technical Validation,4 - Business Case & Security Review,2026-02-15
OPP-7125,StageName,4 - Business Case & Security Review,Closed Lost,2026-03-12
OPP-7126,StageName,1 - Qualify,2 - Discovery,2025-12-23
OPP-7126,CloseDate,2026-01-18,2026-02-17,2026-01-15
OPP-7126,StageName,2 - Discovery,3 - Technical Validation,2026-01-28
OPP-7126,CloseDate,2026-02-17,2026-03-10,2026-02-08
OPP-7126,StageName,3 - Technical Validation,Closed Lost,2026-03-10
OPP-7127,StageName,1 - Qualify,2 - Discovery,2025-11-27
OPP-7127,CloseDate,2026-01-11,2026-03-12,2026-01-07
OPP-7127,StageName,2 - Discovery,3 - Technical Validation,2026-02-14
OPP-7127,CloseDate,2026-03-12,2026-04-11,2026-03-07
OPP-7127,CloseDate,2026-04-11,2026-04-25,2026-04-10
OPP-7127,StageName,3 - Technical Validation,Closed Lost,2026-04-25
OPP-7128,CloseDate,2025-12-21,2026-01-04,2025-12-17
OPP-7128,CloseDate,2026-01-04,2026-03-05,2025-12-30
OPP-7128,StageName,1 - Qualify,Closed Lost,2026-03-05
OPP-7129,StageName,1 - Qualify,2 - Discovery,2026-05-03
OPP-7129,StageName,2 - Discovery,3 - Technical Validation,2026-05-18
OPP-7129,StageName,3 - Technical Validation,4 - Business Case & Security Review,2026-07-09
OPP-7129,StageName,4 - Business Case & Security Review,5 - Negotiate & Contract,2026-08-29
OPP-7130,StageName,1 - Qualify,2 - Discovery,2026-05-20
OPP-7130,CloseDate,2026-08-04,2026-09-03,2026-08-04
OPP-7130,StageName,2 - Discovery,Closed Lost,2026-09-03
OPP-7131,StageName,1 - Qualify,2 - Discovery,2026-08-21
OPP-7131,CloseDate,2026-11-18,2027-01-02,2026-09-17
OPP-7131,CloseDate,2027-01-02,2027-01-16,2026-09-22
OPP-7132,StageName,1 - Qualify,2 - Discovery,2026-08-03
OPP-7132,StageName,2 - Discovery,3 - Technical Validation,2026-08-22
OPP-7132,CloseDate,2026-09-14,2026-10-29,2026-09-11
OPP-7132,StageName,3 - Technical Validation,4 - Business Case & Security Review,2026-09-17
OPP-7133,CloseDate,2025-12-06,2025-12-27,2025-12-01
OPP-7133,StageName,1 - Qualify,2 - Discovery,2025-12-10
OPP-7133,CloseDate,2025-12-27,2026-02-10,2025-12-24
OPP-7133,StageName,2 - Discovery,3 - Technical Validation,2026-01-10
OPP-7133,StageName,3 - Technical Validation,Closed Lost,2026-02-10
OPP-7134,StageName,1 - Qualify,2 - Discovery,2026-01-04
OPP-7134,StageName,2 - Discovery,Closed Lost,2026-03-30
OPP-7135,StageName,1 - Qualify,2 - Discovery,2025-12-30
OPP-7135,StageName,2 - Discovery,3 - Technical Validation,2026-01-17
OPP-7135,StageName,3 - Technical Validation,4 - Business Case & Security Review,2026-02-04
OPP-7135,StageName,4 - Business Case & Security Review,5 - Negotiate & Contract,2026-03-22
OPP-7135,StageName,5 - Negotiate & Contract,Closed Won,2026-04-13
OPP-7136,StageName,1 - Qualify,2 - Discovery,2026-09-23
OPP-7137,StageName,1 - Qualify,2 - Discovery,2026-01-22
OPP-7137,StageName,2 - Discovery,Closed Lost,2026-03-22
OPP-7138,StageName,1 - Qualify,2 - Discovery,2026-05-03
OPP-7138,StageName,2 - Discovery,Closed Lost,2026-07-05
OPP-7139,StageName,1 - Qualify,2 - Discovery,2026-04-24
OPP-7139,StageName,2 - Discovery,Closed Lost,2026-06-25
OPP-7141,StageName,1 - Qualify,2 - Discovery,2026-04-26
OPP-7141,StageName,2 - Discovery,3 - Technical Validation,2026-05-26
OPP-7141,StageName,3 - Technical Validation,4 - Business Case & Security Review,2026-07-09
OPP-7141,CloseDate,2026-09-05,2026-09-12,2026-08-14
OPP-7141,StageName,4 - Business Case & Security Review,5 - Negotiate & Contract,2026-08-26
OPP-7141,StageName,5 - Negotiate & Contract,Closed Won,2026-09-12
OPP-7142,StageName,1 - Qualify,2 - Discovery,2025-10-18
OPP-7142,StageName,2 - Discovery,3 - Technical Validation,2025-11-03
OPP-7142,StageName,3 - Technical Validation,4 - Business Case & Security Review,2025-12-10
OPP-7142,StageName,4 - Business Case & Security Review,5 - Negotiate & Contract,2025-12-31
OPP-7142,StageName,5 - Negotiate & Contract,Closed Won,2026-01-23
OPP-7143,CloseDate,2026-07-07,2026-09-05,2026-07-03
OPP-7143,StageName,1 - Qualify,2 - Discovery,2026-07-15
OPP-7143,StageName,2 - Discovery,3 - Technical Validation,2026-08-13
OPP-7143,StageName,3 - Technical Validation,Closed Lost,2026-09-05
OPP-7144,StageName,1 - Qualify,2 - Discovery,2026-01-29
OPP-7144,StageName,2 - Discovery,3 - Technical Validation,2026-02-25
OPP-7144,StageName,3 - Technical Validation,4 - Business Case & Security Review,2026-04-06
OPP-7144,StageName,4 - Business Case & Security Review,5 - Negotiate & Contract,2026-05-18
OPP-7144,StageName,5 - Negotiate & Contract,Closed Won,2026-06-12
OPP-7145,StageName,1 - Qualify,Closed Lost,2026-08-07
OPP-7146,StageName,1 - Qualify,2 - Discovery,2026-07-03
OPP-7146,StageName,2 - Discovery,3 - Technical Validation,2026-07-18
OPP-7146,CloseDate,2026-08-09,2026-09-23,2026-08-05
OPP-7146,StageName,3 - Technical Validation,4 - Business Case & Security Review,2026-08-11
OPP-7146,StageName,4 - Business Case & Security Review,5 - Negotiate & Contract,2026-09-14
OPP-7146,StageName,5 - Negotiate & Contract,Closed Lost,2026-09-23
OPP-7147,StageName,1 - Qualify,2 - Discovery,2026-02-16
OPP-7147,StageName,2 - Discovery,3 - Technical Validation,2026-04-17
OPP-7147,CloseDate,2026-06-17,2026-07-08,2026-06-17
OPP-7147,CloseDate,2026-07-08,2026-07-22,2026-06-26
OPP-7147,StageName,3 - Technical Validation,Closed Lost,2026-07-22
OPP-7148,StageName,1 - Qualify,2 - Discovery,2026-07-02
OPP-7148,StageName,2 - Discovery,3 - Technical Validation,2026-08-02
OPP-7148,StageName,3 - Technical Validation,4 - Business Case & Security Review,2026-09-16
OPP-7149,StageName,1 - Qualify,2 - Discovery,2026-02-18
OPP-7149,StageName,2 - Discovery,3 - Technical Validation,2026-03-04
OPP-7149,StageName,3 - Technical Validation,4 - Business Case & Security Review,2026-05-07
OPP-7149,StageName,4 - Business Case & Security Review,5 - Negotiate & Contract,2026-07-01
OPP-7149,StageName,5 - Negotiate & Contract,Closed Won,2026-07-16
OPP-7150,StageName,1 - Qualify,2 - Discovery,2026-04-08
OPP-7150,StageName,2 - Discovery,3 - Technical Validation,2026-04-18
OPP-7150,StageName,3 - Technical Validation,4 - Business Case & Security Review,2026-05-07
OPP-7150,StageName,4 - Business Case & Security Review,5 - Negotiate & Contract,2026-05-24
OPP-7150,StageName,5 - Negotiate & Contract,Closed Lost,2026-06-05
OPP-7151,StageName,1 - Qualify,2 - Discovery,2026-03-13
OPP-7151,StageName,2 - Discovery,3 - Technical Validation,2026-04-27
OPP-7151,StageName,3 - Technical Validation,4 - Business Case & Security Review,2026-05-14
OPP-7151,CloseDate,2026-06-15,2026-06-22,2026-06-04
OPP-7151,StageName,4 - Business Case & Security Review,5 - Negotiate & Contract,2026-06-17
OPP-7151,CloseDate,2026-06-22,2026-07-13,2026-06-22
OPP-7151,StageName,5 - Negotiate & Contract,Closed Won,2026-07-13
OPP-7152,StageName,1 - Qualify,2 - Discovery,2025-12-10
OPP-7152,StageName,2 - Discovery,3 - Technical Validation,2026-01-13
OPP-7152,StageName,3 - Technical Validation,4 - Business Case & Security Review,2026-03-21
OPP-7152,StageName,4 - Business Case & Security Review,5 - Negotiate & Contract,2026-04-30
OPP-7152,CloseDate,2026-05-21,2026-05-28,2026-05-05
OPP-7152,StageName,5 - Negotiate & Contract,Closed Won,2026-05-28
OPP-7153,StageName,1 - Qualify,2 - Discovery,2026-05-04
OPP-7153,CloseDate,2026-05-21,2026-07-20,2026-05-16
OPP-7153,StageName,2 - Discovery,3 - Technical Validation,2026-05-17
OPP-7153,StageName,3 - Technical Validation,4 - Business Case & Security Review,2026-06-12
OPP-7153,StageName,4 - Business Case & Security Review,5 - Negotiate & Contract,2026-07-01
OPP-7153,StageName,5 - Negotiate & Contract,Closed Lost,2026-07-20
OPP-7154,StageName,1 - Qualify,2 - Discovery,2026-08-19
OPP-7154,StageName,2 - Discovery,3 - Technical Validation,2026-08-21
OPP-7154,StageName,3 - Technical Validation,4 - Business Case & Security Review,2026-08-27
OPP-7154,CloseDate,2026-10-13,2026-10-27,2026-09-12
OPP-7155,StageName,1 - Qualify,2 - Discovery,2025-11-09
OPP-7155,StageName,2 - Discovery,3 - Technical Validation,2025-12-07
OPP-7155,StageName,3 - Technical Validation,4 - Business Case & Security Review,2026-03-29
OPP-7155,StageName,4 - Business Case & Security Review,5 - Negotiate & Contract,2026-06-18
OPP-7155,StageName,5 - Negotiate & Contract,Closed Won,2026-07-18
OPP-7156,CloseDate,2025-11-11,2025-11-18,2025-11-09
OPP-7156,CloseDate,2025-11-18,2025-12-18,2025-11-15
OPP-7156,StageName,1 - Qualify,2 - Discovery,2025-12-26
OPP-7156,StageName,2 - Discovery,3 - Technical Validation,2026-09-29
OPP-7157,CloseDate,2025-11-11,2026-01-10,2025-11-08
OPP-7157,StageName,1 - Qualify,2 - Discovery,2025-11-10
OPP-7157,StageName,2 - Discovery,3 - Technical Validation,2025-11-30
OPP-7157,StageName,3 - Technical Validation,Closed Lost,2026-01-10
OPP-7158,StageName,1 - Qualify,2 - Discovery,2026-01-23
OPP-7158,StageName,2 - Discovery,3 - Technical Validation,2026-02-28
OPP-7158,CloseDate,2026-03-26,2026-05-25,2026-03-25
OPP-7158,StageName,3 - Technical Validation,Closed Lost,2026-05-25
OPP-7159,StageName,1 - Qualify,2 - Discovery,2025-11-28
OPP-7159,StageName,2 - Discovery,3 - Technical Validation,2026-05-03
OPP-7159,StageName,3 - Technical Validation,4 - Business Case & Security Review,2026-08-11
OPP-7160,StageName,1 - Qualify,2 - Discovery,2026-02-07
OPP-7160,CloseDate,2026-02-27,2026-04-13,2026-02-23
OPP-7160,StageName,2 - Discovery,Closed Lost,2026-04-13
OPP-7161,CloseDate,2027-01-08,2027-02-07,2026-09-18
OPP-7162,StageName,1 - Qualify,2 - Discovery,2026-08-09
OPP-7163,StageName,1 - Qualify,2 - Discovery,2025-12-31
OPP-7163,StageName,2 - Discovery,3 - Technical Validation,2026-01-15
OPP-7163,StageName,3 - Technical Validation,4 - Business Case & Security Review,2026-03-24
OPP-7163,CloseDate,2026-03-26,2026-04-25,2026-03-25
OPP-7163,CloseDate,2026-04-25,2026-05-09,2026-04-23
OPP-7163,CloseDate,2026-05-09,2026-05-23,2026-04-25
OPP-7163,StageName,4 - Business Case & Security Review,5 - Negotiate & Contract,2026-05-08
OPP-7163,StageName,5 - Negotiate & Contract,Closed Lost,2026-05-23
OPP-7164,StageName,1 - Qualify,2 - Discovery,2026-02-26
OPP-7164,StageName,2 - Discovery,3 - Technical Validation,2026-04-20
OPP-7164,StageName,3 - Technical Validation,Closed Lost,2026-06-19
OPP-7165,StageName,1 - Qualify,2 - Discovery,2026-05-25
OPP-7165,StageName,2 - Discovery,Closed Lost,2026-08-11
OPP-7166,StageName,1 - Qualify,2 - Discovery,2026-07-18
OPP-7166,StageName,2 - Discovery,3 - Technical Validation,2026-08-08
OPP-7167,StageName,1 - Qualify,2 - Discovery,2026-05-25
OPP-7167,StageName,2 - Discovery,3 - Technical Validation,2026-06-05
OPP-7167,StageName,3 - Technical Validation,4 - Business Case & Security Review,2026-07-04
OPP-7167,CloseDate,2026-07-28,2026-08-11,2026-07-16
OPP-7167,StageName,4 - Business Case & Security Review,5 - Negotiate & Contract,2026-07-24
OPP-7167,StageName,5 - Negotiate & Contract,Closed Won,2026-08-11
OPP-7168,StageName,1 - Qualify,2 - Discovery,2026-06-22
OPP-7168,StageName,2 - Discovery,3 - Technical Validation,2026-07-21
OPP-7168,StageName,3 - Technical Validation,4 - Business Case & Security Review,2026-08-13
OPP-7169,CloseDate,2026-05-23,2026-07-22,2026-05-23
OPP-7169,CloseDate,2026-07-22,2026-08-12,2026-07-19
OPP-7169,StageName,1 - Qualify,Closed Lost,2026-08-12
OPP-7170,StageName,1 - Qualify,2 - Discovery,2025-10-22
OPP-7170,StageName,2 - Discovery,3 - Technical Validation,2025-10-31
OPP-7170,StageName,3 - Technical Validation,4 - Business Case & Security Review,2025-11-16
OPP-7170,StageName,4 - Business Case & Security Review,5 - Negotiate & Contract,2025-12-13
OPP-7170,StageName,5 - Negotiate & Contract,Closed Won,2025-12-23
OPP-7171,StageName,1 - Qualify,2 - Discovery,2026-07-17
OPP-7171,StageName,2 - Discovery,3 - Technical Validation,2026-08-10
OPP-7171,CloseDate,2026-11-03,2026-11-17,2026-09-19
OPP-7171,StageName,3 - Technical Validation,4 - Business Case & Security Review,2026-09-30
OPP-7172,StageName,1 - Qualify,Closed Lost,2026-08-10
OPP-7173,CloseDate,2026-02-14,2026-04-15,2026-02-13
OPP-7173,StageName,1 - Qualify,Closed Lost,2026-04-15
OPP-7174,CloseDate,2025-12-28,2026-02-26,2025-12-26
OPP-7174,CloseDate,2026-02-26,2026-03-12,2026-02-19
OPP-7174,StageName,1 - Qualify,Closed Lost,2026-03-12
OPP-7175,StageName,1 - Qualify,2 - Discovery,2026-04-26
OPP-7175,StageName,2 - Discovery,3 - Technical Validation,2026-05-12
OPP-7175,StageName,3 - Technical Validation,4 - Business Case & Security Review,2026-06-05
OPP-7175,StageName,4 - Business Case & Security Review,5 - Negotiate & Contract,2026-07-07
OPP-7175,StageName,5 - Negotiate & Contract,Closed Won,2026-07-19
