account_id,account_name,segment,region,product_line,arr,renewal_date,volume_trend_90d_pct,utilization_pct,sev1_tickets_90d,exec_sponsor_active,competitor_signal,products_owned,owner
ACC-1001,Meridian Market,marketplace,NA,check,146000,2026-11-26,10.5,79,0,True,False,check,AE - Jon Reyes
ACC-1004,Union Square National Bank,bank_tier1,NA,check,420000,2027-02-24,10.0,69,1,True,False,check,AE - Jon Reyes
ACC-1006,Union Square Pay,fintech,EMEA,identity,96000,2027-01-02,-4.6,108,0,True,False,identity,AE - Klara Weiss
ACC-1010,Evergreen Members CU,credit_union,NA,identity,45000,2027-02-27,9.4,93,0,True,True,identity,AE - Iris Bell
ACC-1015,Lakeshore Hub,marketplace,NA,identity,75000,2026-09-20,-2.4,134,0,False,True,identity,AE - Hugo Park
ACC-1016,Redwood Bancshares,bank_regional,NA,check,128000,2027-01-24,-5.7,87,0,True,False,check,AE - Jon Reyes
ACC-1017,Northgate State Bank,bank_community,NA,check,29000,2026-10-26,-6.9,44,0,False,True,check;identity,AE - Jon Reyes
ACC-1017,Northgate State Bank,bank_community,NA,identity,28000,2026-10-26,18.4,111,0,True,False,check;identity,AE - Jon Reyes
ACC-1018,Pinecrest Bank,bank_regional,EMEA,check,242000,2027-04-21,-2.9,67,1,False,False,check,AE - Liam Byrne
ACC-1024,Sterling Bancshares,bank_regional,APAC,check,149000,2026-10-04,8.8,81,0,True,False,check,AE - Mei Lin
ACC-1030,Blue Mesa Money,fintech,NA,check,193000,2027-02-11,-30.0,129,0,True,False,check,AE - Iris Bell
ACC-1032,Meridian Community Bank,bank_community,NA,check,47000,2027-07-28,32.9,78,0,False,False,check,AE - Iris Bell
ACC-1036,Bayfront Bancshares,bank_regional,NA,check,203000,2027-04-14,42.7,132,0,True,False,check,AE - Grace Tan
ACC-1043,Summit Ridge State Bank,bank_community,NA,check,59000,2026-11-14,6.6,52,0,True,True,check;identity,AE - Jon Reyes
ACC-1043,Summit Ridge State Bank,bank_community,NA,identity,63000,2027-03-28,33.8,62,1,False,False,check;identity,AE - Iris Bell
ACC-1048,Riverbend Federal Credit Union,credit_union,NA,identity,64000,2027-07-26,25.1,49,0,True,False,identity,AE - Iris Bell
ACC-1056,Cedar Valley State Bank,bank_community,NA,check,61000,2027-02-08,-29.0,93,0,True,False,check,AE - Iris Bell
ACC-1057,Northgate Members CU,credit_union,NA,check,21000,2027-04-10,3.6,83,0,True,False,check,AE - Iris Bell
ACC-1062,Westfield Members CU,credit_union,NA,check,64000,2026-11-14,-0.4,135,1,True,False,check;identity,AE - Jon Reyes
ACC-1062,Westfield Members CU,credit_union,NA,identity,60000,2027-03-23,-28.5,67,0,True,False,check;identity,AE - Iris Bell
ACC-1066,Clearwater Credit Union,credit_union,NA,check,47000,2027-03-12,2.6,101,1,True,False,check;identity,AE - Iris Bell
ACC-1066,Clearwater Credit Union,credit_union,NA,identity,56000,2026-10-26,4.7,74,1,True,False,check;identity,AE - Grace Tan
ACC-1069,Stonebridge Savings Bank,bank_community,NA,check,49000,2027-05-06,-2.8,134,0,True,False,check,AE - Iris Bell
ACC-1070,Oakmont Play,igaming,NA,check,125000,2027-05-26,4.8,47,0,True,False,check,AE - Grace Tan
ACC-1072,Arbor Bancorp,bank_tier1,NA,check,895000,2027-04-06,-4.5,128,0,True,True,check,AE - Grace Tan
ACC-1076,Redwood Credit Union,credit_union,NA,check,28000,2026-12-02,2.4,63,0,True,True,check,AE - Hugo Park
ACC-1088,Falcon Bank & Trust,bank_regional,NA,check,134000,2026-09-26,7.4,102,0,True,False,check,AE - Grace Tan
ACC-1090,Oakmont Savings Bank,bank_community,NA,check,62000,2027-01-11,-9.4,85,1,False,False,check;identity,AE - Grace Tan
ACC-1090,Oakmont Savings Bank,bank_community,NA,identity,34000,2026-10-12,13.4,85,0,True,False,check;identity,AE - Grace Tan
ACC-1099,Riverbend Savings Bank,bank_community,NA,identity,29000,2027-01-30,6.2,86,0,False,False,identity,AE - Hugo Park
ACC-1102,Pinecrest Credit Union,credit_union,NA,check,25000,2027-05-23,-3.3,52,0,True,False,check;identity,AE - Grace Tan
ACC-1102,Pinecrest Credit Union,credit_union,NA,identity,60000,2027-03-28,10.1,75,3,True,False,check;identity,AE - Grace Tan
ACC-1103,Clearwater Community Bank,bank_community,NA,identity,57000,2027-01-21,20.5,106,1,True,False,identity,AE - Iris Bell
ACC-1105,Westfield State Bank,bank_community,NA,check,64000,2026-09-15,-6.9,78,2,True,False,check,AE - Hugo Park
ACC-1108,Highland Savings Bank,bank_community,NA,check,57000,2026-09-22,-11.3,88,0,False,False,check,AE - Grace Tan
ACC-1120,Granite Peak Credit Union,credit_union,NA,identity,41000,2027-05-08,0.1,80,0,True,False,identity,AE - Jon Reyes
ACC-1125,Harborview Bancshares,bank_regional,NA,check,86000,2027-05-31,11.8,107,3,True,False,check,AE - Jon Reyes
ACC-1127,Silverline Bank,bank_regional,LATAM,check,135000,2027-05-20,-0.3,54,0,False,True,check,AE - Nico Duarte
ACC-1131,Cedar Valley Community Bank,bank_community,NA,identity,50000,2026-11-04,5.3,83,1,True,False,identity,AE - Iris Bell
ACC-1132,Evergreen Bancorp,bank_tier1,NA,check,760000,2027-05-07,8.1,63,0,True,False,check,AE - Iris Bell
ACC-1137,Riverbend Hub,marketplace,NA,identity,57000,2026-11-19,7.2,109,0,False,True,identity,AE - Grace Tan
ACC-1138,Oakmont Members CU,credit_union,NA,check,56000,2027-03-26,-22.0,60,0,False,False,check,AE - Jon Reyes
ACC-1141,Pinecrest Savings Bank,bank_community,NA,check,26000,2027-04-25,-8.4,64,0,True,False,check,AE - Iris Bell
ACC-1149,Clearwater Bank,bank_regional,NA,check,233000,2026-11-22,1.0,89,0,True,False,check;identity,AE - Hugo Park
ACC-1149,Clearwater Bank,bank_regional,NA,identity,165000,2026-09-13,2.1,85,0,True,False,check;identity,AE - Iris Bell
ACC-1153,Arbor Members CU,credit_union,NA,identity,60000,2026-11-30,2.1,102,1,True,False,identity,AE - Hugo Park
ACC-1154,Stonebridge Members CU,credit_union,NA,check,46000,2027-02-05,-14.3,80,0,True,False,check,AE - Grace Tan
ACC-1158,Bayfront Insurance,adjacent_regulated,NA,check,96000,2027-07-15,-1.0,76,0,False,True,check,AE - Grace Tan
ACC-1166,Oakmont National Bank,bank_tier1,NA,check,489000,2026-10-17,-19.0,113,1,True,False,check;identity,AE - Iris Bell
ACC-1166,Oakmont National Bank,bank_tier1,NA,identity,513000,2027-01-14,7.3,135,0,True,False,check;identity,AE - Grace Tan
ACC-1171,Copper State Members CU,credit_union,NA,check,24000,2027-02-24,4.0,86,1,False,False,check;identity,AE - Hugo Park
ACC-1171,Copper State Members CU,credit_union,NA,identity,42000,2027-07-07,10.4,37,0,True,False,check;identity,AE - Iris Bell
ACC-1173,Stonebridge Wallet,fintech,LATAM,check,174000,2026-11-06,12.7,117,2,False,False,check,AE - Nico Duarte
ACC-1178,Stonebridge Federal Credit Union,credit_union,NA,check,26000,2027-07-11,-15.5,108,0,True,False,check,AE - Jon Reyes
ACC-1183,Bayfront Exchange,marketplace,NA,check,133000,2026-10-04,-1.0,39,0,True,False,check;identity,AE - Hugo Park
ACC-1183,Bayfront Exchange,marketplace,NA,identity,69000,2027-02-07,-17.0,101,3,False,False,check;identity,AE - Jon Reyes
ACC-1189,Prairie First Members CU,credit_union,NA,check,41000,2026-09-29,-12.5,106,0,True,False,check,AE - Jon Reyes
ACC-1191,Riverbend Credit Union,credit_union,NA,check,26000,2027-03-26,5.0,46,0,False,False,check,AE - Jon Reyes
ACC-1193,Meridian Members CU,credit_union,NA,identity,50000,2026-10-12,7.4,113,0,True,True,identity,AE - Hugo Park
ACC-1198,Prairie First Bank,bank_regional,NA,identity,276000,2027-02-09,15.6,42,0,True,False,identity,AE - Hugo Park
ACC-1201,Silverline Hub,marketplace,NA,check,79000,2026-12-02,-14.6,76,1,True,False,check,AE - Hugo Park
ACC-1203,Meridian Credit Union,credit_union,NA,check,60000,2026-12-15,-28.0,69,3,True,False,check;identity,AE - Hugo Park
ACC-1203,Meridian Credit Union,credit_union,NA,identity,20000,2027-03-23,0.8,72,2,False,False,check;identity,AE - Iris Bell
ACC-1204,Pinecrest State Bank,bank_community,NA,check,34000,2027-06-18,10.9,80,0,True,False,check;identity,AE - Hugo Park
ACC-1204,Pinecrest State Bank,bank_community,NA,identity,65000,2027-04-19,-0.7,38,0,True,False,check;identity,AE - Grace Tan
ACC-1205,Silverline Lend,fintech,NA,identity,184000,2027-06-02,18.9,70,0,True,True,identity,AE - Iris Bell
ACC-1208,Prairie First Rentals,marketplace,NA,check,125000,2027-01-09,-3.8,108,0,True,False,check,AE - Hugo Park
ACC-1210,Summit Ridge Bancshares,bank_regional,APAC,check,184000,2027-07-03,-8.1,90,2,True,False,check;identity,AE - Mei Lin
ACC-1210,Summit Ridge Bancshares,bank_regional,APAC,identity,251000,2027-02-18,11.3,119,0,True,False,check;identity,AE - Mei Lin
ACC-1211,Crescent Federal Credit Union,credit_union,NA,check,42000,2027-03-03,-7.6,97,1,True,False,check,AE - Hugo Park
ACC-1216,Oakmont Federal Credit Union,credit_union,NA,check,57000,2027-06-07,-4.6,133,0,False,False,check,AE - Hugo Park
ACC-1217,Cedar Valley Rentals,marketplace,EMEA,check,87000,2026-12-25,6.3,120,0,True,False,check,AE - Klara Weiss
ACC-1219,Cedar Valley Pay,fintech,NA,check,177000,2027-05-06,6.8,53,0,True,False,check,AE - Grace Tan
ACC-1220,Evergreen Bancshares,bank_regional,NA,identity,173000,2026-10-10,5.5,71,2,True,False,identity,AE - Jon Reyes
ACC-1222,Summit Ridge Money,fintech,NA,check,144000,2027-01-08,5.5,88,0,True,False,check,AE - Hugo Park
ACC-1223,Sterling Savings Bank,bank_community,NA,check,51000,2026-12-11,8.5,134,1,False,False,check,AE - Grace Tan
ACC-1226,Oakmont Bancshares,bank_regional,NA,check,101000,2027-01-25,2.6,108,0,True,False,check,AE - Grace Tan
ACC-1228,Falcon Bank,bank_regional,NA,check,271000,2027-04-29,-31.5,97,0,True,False,check;identity,AE - Jon Reyes
ACC-1228,Falcon Bank,bank_regional,NA,identity,283000,2027-04-27,7.0,80,0,True,True,check;identity,AE - Hugo Park
ACC-1229,Oakmont Credit Union,credit_union,NA,identity,29000,2027-04-10,8.5,71,2,True,False,identity,AE - Grace Tan
ACC-1236,Cedar Valley Federal Credit Union,credit_union,NA,check,59000,2027-04-24,3.1,102,0,False,False,check;identity,AE - Grace Tan
ACC-1236,Cedar Valley Federal Credit Union,credit_union,NA,identity,44000,2027-06-26,17.8,90,2,True,True,check;identity,AE - Iris Bell
ACC-1249,Maple Leaf Bancshares,bank_regional,EMEA,check,215000,2027-07-21,4.3,56,0,True,False,check;identity,AE - Klara Weiss
ACC-1249,Maple Leaf Bancshares,bank_regional,EMEA,identity,108000,2026-11-30,20.3,83,0,True,False,check;identity,AE - Klara Weiss
ACC-1252,Union Square Savings Bank,bank_community,NA,check,62000,2027-01-02,-5.5,91,3,True,False,check;identity,AE - Hugo Park
ACC-1252,Union Square Savings Bank,bank_community,NA,identity,62000,2027-04-13,-15.3,96,1,True,True,check;identity,AE - Iris Bell
ACC-1255,Tidewater Bank,bank_regional,EMEA,check,158000,2026-12-25,-12.3,75,1,True,True,check,AE - Klara Weiss
ACC-1257,Arbor Bank,bank_regional,EMEA,check,191000,2027-06-17,-26.6,103,0,True,False,check,AE - Liam Byrne
ACC-1258,Bayfront Credit Union,credit_union,NA,identity,58000,2026-09-22,12.5,112,0,False,False,identity,AE - Hugo Park
ACC-1259,Highland Bancshares,bank_regional,NA,check,211000,2026-12-04,-0.8,94,0,False,False,check,AE - Hugo Park
ACC-1261,Lakeshore National Bank,bank_tier1,NA,identity,653000,2027-02-01,3.0,118,0,True,False,identity,AE - Iris Bell
ACC-1265,Tidewater Credit Union,credit_union,NA,check,63000,2027-01-15,-2.6,88,0,True,True,check,AE - Iris Bell
ACC-1266,Prairie First Federal Credit Union,credit_union,NA,check,61000,2027-02-27,-24.0,141,0,False,False,check,AE - Iris Bell
ACC-1269,Highland Lend,fintech,NA,check,91000,2026-09-28,-0.9,110,0,True,False,check,AE - Hugo Park
ACC-1278,Copper State Credit Union,credit_union,NA,identity,48000,2027-01-14,6.9,99,1,True,True,identity,AE - Jon Reyes
ACC-1281,Union Square Members CU,credit_union,NA,check,26000,2027-06-13,14.8,90,1,False,False,check;identity,AE - Hugo Park
ACC-1281,Union Square Members CU,credit_union,NA,identity,57000,2027-01-26,4.1,74,1,True,False,check;identity,AE - Jon Reyes
ACC-1293,Redwood Bank & Trust,bank_regional,NA,check,149000,2027-07-21,-9.0,77,0,True,False,check,AE - Jon Reyes
ACC-1295,Clearwater Bancshares,bank_regional,NA,identity,124000,2027-05-15,-14.1,93,0,True,True,identity,AE - Hugo Park
ACC-1300,Westfield Exchange,marketplace,EMEA,check,103000,2027-01-26,-14.5,60,2,True,False,check;identity,AE - Klara Weiss
ACC-1300,Westfield Exchange,marketplace,EMEA,identity,102000,2026-12-12,-0.4,91,0,True,False,check;identity,AE - Liam Byrne
ACC-1304,Evergreen Credit Union,credit_union,NA,check,26000,2027-04-15,3.9,69,0,True,False,check,AE - Jon Reyes
ACC-1306,Falcon Federal Credit Union,credit_union,NA,check,31000,2026-11-02,3.2,77,0,True,True,check,AE - Hugo Park
ACC-1311,Harborview Credit Union,credit_union,NA,check,21000,2027-06-30,-20.1,65,1,False,False,check,AE - Hugo Park
ACC-1314,Clearwater Neo,fintech,NA,check,89000,2026-12-17,0.3,95,0,True,False,check,AE - Grace Tan
ACC-1315,Prairie First Bank & Trust,bank_regional,NA,check,150000,2027-01-27,3.0,127,0,True,False,check;identity,AE - Grace Tan
ACC-1315,Prairie First Bank & Trust,bank_regional,NA,identity,194000,2027-04-25,-14.6,88,0,True,False,check;identity,AE - Hugo Park
ACC-1321,Riverbend Neo,fintech,NA,check,107000,2027-01-17,2.1,74,0,True,False,check,AE - Iris Bell
ACC-1325,Lakeshore Bancshares,bank_regional,NA,check,218000,2027-02-22,-8.3,55,0,True,False,check;identity,AE - Grace Tan
ACC-1325,Lakeshore Bancshares,bank_regional,NA,identity,147000,2027-06-15,-0.1,86,0,True,False,check;identity,AE - Hugo Park
ACC-1328,Highland Community Bank,bank_community,NA,check,65000,2026-12-07,-37.7,46,0,True,False,check,AE - Grace Tan
ACC-1329,Silverline Credit Union,credit_union,NA,identity,27000,2027-05-08,-0.3,49,3,True,False,identity,AE - Iris Bell
ACC-1337,Stonebridge Bank,bank_regional,NA,check,220000,2027-03-13,-4.6,54,1,True,False,check,AE - Iris Bell
ACC-1342,Redwood Federal Credit Union,credit_union,NA,check,51000,2027-05-13,13.3,118,0,True,False,check,AE - Hugo Park
ACC-1344,Ironwood Money,fintech,NA,check,159000,2026-12-06,-23.6,128,1,True,False,check,AE - Iris Bell
ACC-1350,Granite Peak State Bank,bank_community,NA,check,29000,2027-07-07,-16.9,105,0,False,True,check,AE - Grace Tan
ACC-1351,Highland Wallet,fintech,NA,check,136000,2027-03-10,-5.7,48,0,True,False,check,AE - Iris Bell
ACC-1354,Maple Leaf Bank & Trust,bank_regional,EMEA,check,178000,2027-06-20,-18.8,103,0,True,True,check,AE - Klara Weiss
ACC-1356,Cedar Valley Members CU,credit_union,NA,check,56000,2027-01-14,2.3,80,0,True,True,check;identity,AE - Grace Tan
ACC-1356,Cedar Valley Members CU,credit_union,NA,identity,47000,2027-04-12,-16.8,114,0,True,False,check;identity,AE - Iris Bell
ACC-1361,Granite Peak Federal Credit Union,credit_union,NA,identity,61000,2027-03-05,6.2,78,0,True,False,identity,AE - Jon Reyes
ACC-1367,Tidewater Members CU,credit_union,NA,identity,58000,2026-10-01,14.1,87,0,True,True,identity,AE - Hugo Park
ACC-1369,Ironwood Members CU,credit_union,NA,check,31000,2026-12-22,-11.5,81,0,False,True,check,AE - Hugo Park
ACC-1371,Maple Leaf Credit Union,credit_union,NA,identity,37000,2026-09-13,-1.0,60,0,True,False,identity,AE - Grace Tan
ACC-1378,Keystone Federal Credit Union,credit_union,NA,check,34000,2027-02-01,-28.7,118,1,False,True,check,AE - Jon Reyes
ACC-1389,Cedar Valley Savings Bank,bank_community,NA,identity,64000,2027-03-30,-0.3,124,1,True,True,identity,AE - Iris Bell
ACC-1390,Silverline Market,marketplace,NA,check,61000,2026-12-08,1.6,110,0,True,True,check,AE - Hugo Park
ACC-1391,Summit Ridge Members CU,credit_union,NA,check,50000,2026-12-25,26.0,79,1,True,False,check,AE - Iris Bell
ACC-1395,Lakeshore Bancorp,bank_tier1,NA,identity,434000,2026-10-28,15.5,80,2,True,False,identity,AE - Iris Bell
ACC-1397,Northgate Bet,igaming,NA,check,185000,2027-02-05,14.3,113,0,True,False,check;identity,AE - Jon Reyes
ACC-1397,Northgate Bet,igaming,NA,identity,129000,2027-05-13,32.3,69,1,True,False,check;identity,AE - Iris Bell
ACC-1399,Riverbend Financial Group,bank_tier1,NA,identity,643000,2026-12-12,1.0,80,0,True,True,identity,AE - Iris Bell
ACC-1402,Bayfront Bank & Trust,bank_regional,NA,check,269000,2026-11-01,-18.1,83,3,False,False,check,AE - Hugo Park
ACC-1404,Blue Mesa Pay,fintech,NA,identity,71000,2026-12-13,12.2,89,0,True,False,identity,AE - Iris Bell
ACC-1406,Meridian Bank,bank_regional,NA,check,97000,2027-05-23,2.4,102,0,True,False,check,AE - Jon Reyes
ACC-1407,Northgate Community Bank,bank_community,NA,check,51000,2027-04-28,-46.7,48,0,False,False,check;identity,AE - Iris Bell
ACC-1407,Northgate Community Bank,bank_community,NA,identity,59000,2027-03-23,8.2,74,0,True,False,check;identity,AE - Hugo Park
ACC-1412,Oakmont Community Bank,bank_community,NA,check,34000,2027-04-21,-4.1,65,0,False,True,check;identity,AE - Iris Bell
ACC-1412,Oakmont Community Bank,bank_community,NA,identity,35000,2027-03-02,-4.5,70,1,True,True,check;identity,AE - Iris Bell
ACC-1414,Harborview Members CU,credit_union,NA,identity,31000,2027-07-10,-17.2,56,0,False,False,identity,AE - Grace Tan
ACC-1425,Redwood Members CU,credit_union,NA,check,32000,2027-04-17,12.4,94,0,True,True,check,AE - Hugo Park
ACC-1429,Highland Mutual,adjacent_regulated,APAC,check,71000,2027-06-05,-3.7,102,0,True,True,check;identity,AE - Mei Lin
ACC-1429,Highland Mutual,adjacent_regulated,APAC,identity,106000,2027-03-09,11.8,72,0,True,False,check;identity,AE - Mei Lin
ACC-1432,Ironwood Savings Bank,bank_community,NA,check,59000,2027-04-05,-27.1,70,3,True,False,check,AE - Grace Tan
ACC-1433,Summit Ridge Wallet,fintech,APAC,identity,134000,2027-06-02,3.6,52,2,True,False,identity,AE - Mei Lin
ACC-1436,Tidewater State Bank,bank_community,NA,check,51000,2026-11-06,13.8,87,0,True,False,check,AE - Jon Reyes
ACC-1448,Lakeshore Bank & Trust,bank_regional,NA,identity,84000,2027-01-09,-11.3,117,0,True,True,identity,AE - Hugo Park
ACC-1449,Falcon Financial Group,bank_tier1,NA,check,539000,2027-04-16,-11.8,75,0,True,False,check,AE - Hugo Park
